Sample	CHRM	meanRawCov	medianRawCov	stdevRawCov	RawCovCoefofvar	NCmean	NCmedian	stdevNC	NCcoefofvar	pctEQ0	pctLT5	pctLT10	aligner
HIOv1_HG004_sup-PAY88428_0	chr1	30.9457856986634	31	113.819329487541	3.67802357955504	0.998251151569786	1	3.67159127379163	3.67802357955503	1.00419169698154e-06	1.00419169698154e-06	1.00419169698154e-06	ont
HIOv1_HG004_sup-PAY88428_0	chr2	31.4214891354456	31	10.5942903250772	0.337167034936169	1.01359642372405	1	0.341751300808944	0.33716703493617	1.03223227868785e-06	1.03223227868785e-06	1.03223227868785e-06	ont
HIOv1_HG004_sup-PAY88428_0	chr3	31.4785328065777	31	9.25840947771945	0.294118202223988	1.01543654214767	1	0.298658370249014	0.294118202223988	1.26074406088688e-06	1.26074406088688e-06	1.26074406088688e-06	ont
HIOv1_HG004_sup-PAY88428_0	chr4	32.1682139541339	31	37.1623640075437	1.1552510829644	1.03768432110109	1	1.19878593572722	1.1552510829644	1.31430500077281e-06	1.31430500077281e-06	1.31430500077281e-06	ont
HIOv1_HG004_sup-PAY88428_0	chr5	31.1393606748548	31	25.0765266795391	0.805299984844857	1.00449550564048	1	0.808920215469007	0.80529998484486	1.37711986947107e-06	1.37711986947107e-06	1.37711986947107e-06	ont
HIOv1_HG004_sup-PAY88428_0	chr6	31.8842786553166	31	17.4989170627604	0.548825872836314	1.02852511791344	1	0.564481195572917	0.548825872836316	1.46364881795721e-06	1.46364881795721e-06	1.46364881795721e-06	ont
HIOv1_HG004_sup-PAY88428_0	chr7	31.0180563051473	31	8.07433408777125	0.260310768938522	1.00058246145636	1	0.260462389928101	0.260310768938518	1.56891293160795e-06	1.56891293160795e-06	1.56891293160795e-06	ont
HIOv1_HG004_sup-PAY88428_0	chr8	31.336328400464	31	12.1020152910755	0.386197614998708	1.01084930324077	1	0.390387590034694	0.386197614998709	1.72249087338211e-06	1.72249087338211e-06	1.72249087338211e-06	ont
HIOv1_HG004_sup-PAY88428_0	chr9	27.0088189761534	29	14.4703437277994	0.535763660772267	0.931338585384599	1	0.498977369924115	0.535763660772265	1.8064269056449e-06	1.8064269056449e-06	1.8064269056449e-06	ont
HIOv1_HG004_sup-PAY88428_0	chr10	31.7436217954826	31	19.1474986759482	0.603191998673352	1.02398779985428	1	0.61766124761123	0.603191998673351	1.86849599898952e-06	1.86849599898952e-06	1.86849599898952e-06	ont
HIOv1_HG004_sup-PAY88428_0	chr11	30.7466437283033	31	7.10654667328691	0.231132436310279	0.991827217042041	1	0.229243441073771	0.231132436310279	1.85066399973647e-06	1.85066399973647e-06	1.85066399973647e-06	ont
HIOv1_HG004_sup-PAY88428_0	chr12	31.2419475919591	31	7.35608773087694	0.235455478862983	1.00780476103094	1	0.237293152608934	0.235455478862983	1.87581574537227e-06	1.87581574537227e-06	1.87581574537227e-06	ont
HIOv1_HG004_sup-PAY88428_0	chr13	28.133150758956	30	22.2255073535055	0.790011312416906	0.937771691965197	1	0.740850245116852	0.79001131241691	2.1859958981973e-06	2.1859958981973e-06	2.1859958981973e-06	ont
HIOv1_HG004_sup-PAY88428_0	chr14	26.3856610030946	30	14.1448878215998	0.536082375193892	0.879522033436484	1	0.471496260719994	0.536082375193894	2.33549366497343e-06	2.33549366497343e-06	2.33549366497343e-06	ont
HIOv1_HG004_sup-PAY88428_0	chr15	25.6935211077034	29	14.2224768445674	0.553543314867155	0.885983486472532	1	0.490430236019566	0.553543314867156	2.45119186753367e-06	2.45119186753367e-06	2.45119186753367e-06	ont
HIOv1_HG004_sup-PAY88428_0	chr16	29.5792744720266	30	126.036739371	4.26098143449035	0.985975815734218	1	4.20122464569999	4.26098143449036	2.7673739890091e-06	2.7673739890091e-06	2.7673739890091e-06	ont
HIOv1_HG004_sup-PAY88428_0	chr17	30.2131274738777	30	11.8154256319821	0.391069267562511	1.00710424912926	1	0.393847521066072	0.391069267562511	3.00273428984433e-06	3.00273428984433e-06	3.00273428984433e-06	ont
HIOv1_HG004_sup-PAY88428_0	chr18	30.2819580631877	31	10.610167371787	0.350379171308783	0.976837356877021	1	0.342263463606034	0.350379171308785	3.11048569612048e-06	3.11048569612048e-06	3.11048569612048e-06	ont
HIOv1_HG004_sup-PAY88428_0	chr19	28.7909179231853	29	10.559192145685	0.366754272088757	0.992790273213285	1	0.364110073989137	0.366754272088758	4.26492703136342e-06	4.26492703136342e-06	4.26492703136342e-06	ont
HIOv1_HG004_sup-PAY88428_0	chr20	31.9036010998662	31	26.8596532282802	0.84190035927928	1.02914842257633	1	0.866440426718718	0.841900359279281	3.87932505950885e-06	3.87932505950885e-06	3.87932505950885e-06	ont
HIOv1_HG004_sup-PAY88428_0	chr21	29.3903810747163	29	71.1055281985777	2.41934692911306	1.01346141636953	1	2.45191476546819	2.41934692911306	5.35217298223079e-06	5.35217298223079e-06	5.35217298223079e-06	ont
HIOv1_HG004_sup-PAY88428_0	chr22	23.1368969961726	27	18.9533318545477	0.819182099383641	0.856922110969357	1	0.701975253872138	0.81918209938364	4.91946830386572e-06	4.91946830386572e-06	4.91946830386572e-06	ont
HIOv1_HG004_sup-PAY87778_0	chr1	30.1015360317035	30	104.45194353032	3.46998716013393	1.00338453439012	1	3.48173145101069	3.46998716013395	1.00419169698154e-06	1.00419169698154e-06	1.00419169698154e-06	ont
HIOv1_HG004_sup-PAY87778_0	chr2	30.8795940271737	31	10.1029231640037	0.327171502161369	0.996115936360443	1	0.325900747225928	0.327171502161372	1.03223227868785e-06	1.03223227868785e-06	1.03223227868785e-06	ont
HIOv1_HG004_sup-PAY87778_0	chr3	31.0933444816728	31	8.27546500471943	0.266149079253832	1.00301111231203	1	0.266950484023207	0.266149079253831	1.26074406088688e-06	1.26074406088688e-06	1.26074406088688e-06	ont
HIOv1_HG004_sup-PAY87778_0	chr4	31.7951608341316	31	30.9554186243058	0.973588993173947	1.02565034948811	1	0.998561891106646	0.973588993173952	1.31430500077281e-06	1.31430500077281e-06	1.31430500077281e-06	ont
HIOv1_HG004_sup-PAY87778_0	chr5	30.6880771165093	31	19.6472000743738	0.640222585461511	0.9899379715003	1	0.633780647560439	0.640222585461505	1.37711986947107e-06	1.37711986947107e-06	1.37711986947107e-06	ont
HIOv1_HG004_sup-PAY87778_0	chr6	31.3602935494069	31	16.7610434212606	0.534467044922722	1.01162237256151	1	0.540678820040663	0.53446704492272	1.46364881795721e-06	1.46364881795721e-06	1.46364881795721e-06	ont
HIOv1_HG004_sup-PAY87778_0	chr7	30.467259297378	30	8.00181576748377	0.262636546641148	1.0155753099126	1	0.266727192249459	0.262636546641148	1.56891293160795e-06	1.56891293160795e-06	1.56891293160795e-06	ont
HIOv1_HG004_sup-PAY87778_0	chr8	30.8849489780978	31	11.7747403978947	0.381245259826877	0.996288676712833	1	0.379830335415959	0.381245259826876	1.72249087338211e-06	1.72249087338211e-06	1.72249087338211e-06	ont
HIOv1_HG004_sup-PAY87778_0	chr9	26.3739907041271	29	14.1231937743896	0.535497033150145	0.909447955314729	1	0.487006681875505	0.535497033150147	1.8064269056449e-06	1.8064269056449e-06	1.8064269056449e-06	ont
HIOv1_HG004_sup-PAY87778_0	chr10	31.0353829613345	30	15.8790082950501	0.511642092988928	1.03451276537782	1	0.529300276501666	0.511642092988925	1.86849599898952e-06	1.86849599898952e-06	1.86849599898952e-06	ont
HIOv1_HG004_sup-PAY87778_0	chr11	30.2783505994116	30	7.16379351051218	0.236597878308847	1.00927835331372	1	0.238793117017073	0.236597878308847	1.85066399973647e-06	1.85066399973647e-06	1.85066399973647e-06	ont
HIOv1_HG004_sup-PAY87778_0	chr12	30.5427504035818	30	7.13953096742388	0.233755338765648	1.01809168011939	1	0.237984365580797	0.233755338765648	1.87581574537227e-06	1.87581574537227e-06	1.87581574537227e-06	ont
HIOv1_HG004_sup-PAY87778_0	chr13	27.6931915408954	29	21.2254273990086	0.766449304612086	0.954937639341221	1	0.73191128962099	0.76644930461209	2.1859958981973e-06	2.1859958981973e-06	2.1859958981973e-06	ont
HIOv1_HG004_sup-PAY87778_0	chr14	25.8555824137326	29	14.0550777809298	0.543599349495401	0.891571807370093	1	0.484657854514817	0.543599349495396	2.33549366497343e-06	2.33549366497343e-06	2.33549366497343e-06	ont
HIOv1_HG004_sup-PAY87778_0	chr15	25.1213575288849	29	14.073508548626	0.560220861171379	0.866253707892581	1	0.485293398228479	0.560220861171376	2.45119186753367e-06	2.45119186753367e-06	2.45119186753367e-06	ont
HIOv1_HG004_sup-PAY87778_0	chr16	28.5219859561305	29	107.162007989849	3.75717203404681	0.983516757107948	1	3.69524165482239	3.75717203404681	2.7673739890091e-06	2.7673739890091e-06	2.7673739890091e-06	ont
HIOv1_HG004_sup-PAY87778_0	chr17	29.0557787921681	29	10.9443223750147	0.376665944950155	1.00192340662649	1	0.377390426724643	0.376665944950153	3.00273428984433e-06	3.00273428984433e-06	3.00273428984433e-06	ont
HIOv1_HG004_sup-PAY87778_0	chr18	29.630358589233	30	10.3053470924907	0.347796907737574	0.9876786196411	1	0.343511569749691	0.347796907737575	3.11048569612048e-06	3.11048569612048e-06	3.11048569612048e-06	ont
HIOv1_HG004_sup-PAY87778_0	chr19	27.5286163809023	28	10.037049069038	0.364604196962151	0.983164870746512	1	0.358466038179929	0.364604196962151	4.26492703136342e-06	4.26492703136342e-06	4.26492703136342e-06	ont
HIOv1_HG004_sup-PAY87778_0	chr20	30.9406362403444	30	24.1230382441935	0.779655533157356	1.03135454134481	1	0.80410127480645	0.779655533157356	3.87932505950885e-06	3.87932505950885e-06	3.87932505950885e-06	ont
HIOv1_HG004_sup-PAY87778_0	chr21	28.8228494968957	28	70.1304766566509	2.433155565143	1.02938748203199	1	2.50465988059468	2.433155565143	5.35217298223079e-06	5.35217298223079e-06	5.35217298223079e-06	ont
HIOv1_HG004_sup-PAY87778_0	chr22	22.2451410411562	26	18.1740003552823	0.816987418585398	0.855582347736779	1	0.699000013664705	0.816987418585398	4.91946830386572e-06	4.91946830386572e-06	4.91946830386572e-06	ont
HIOv1_HG006_sup-PAY77227_0	chr1	26.5787936002461	26	103.342385875029	3.88815186382547	1.02226129231716	1	3.97470714903967	3.88815186382555	1.00419169698154e-06	1.00419169698154e-06	1.00419169698154e-06	ont
HIOv1_HG006_sup-PAY77227_0	chr2	26.956870445146	27	9.32840049320615	0.34604909023799	0.998402609079483	1	0.345496314563193	0.346049090237993	1.03223227868785e-06	1.03223227868785e-06	1.03223227868785e-06	ont
HIOv1_HG006_sup-PAY77227_0	chr3	27.139764573697	27	8.03156983810963	0.2959336591259	1.00517646569248	1	0.297465549559615	0.295933659125899	1.26074406088688e-06	1.26074406088688e-06	1.26074406088688e-06	ont
HIOv1_HG006_sup-PAY77227_0	chr4	27.6184951102597	27	37.1094337887162	1.34364430938639	1.02290722630591	1	1.37442347365616	1.34364430938639	1.31430500077281e-06	1.31430500077281e-06	1.31430500077281e-06	ont
HIOv1_HG006_sup-PAY77227_0	chr5	26.7859454451209	27	21.3473028505091	0.796959095367584	0.992072053522998	1	0.790640846315149	0.796959095367583	1.37711986947107e-06	1.37711986947107e-06	1.37711986947107e-06	ont
HIOv1_HG006_sup-PAY77227_0	chr6	27.3437680760629	27	11.3382527206054	0.414655825380961	1.01273215096529	1	0.419935285948349	0.414655825380961	1.46364881795721e-06	1.46364881795721e-06	1.46364881795721e-06	ont
HIOv1_HG006_sup-PAY77227_0	chr7	26.8544619883775	27	6.99659646495775	0.260537577255722	0.99460970327324	1	0.259133202405844	0.260537577255723	1.56891293160795e-06	1.56891293160795e-06	1.56891293160795e-06	ont
HIOv1_HG006_sup-PAY77227_0	chr8	27.0137671805546	27	10.1616757215487	0.376166554395397	1.0005098955761	1	0.376358360057359	0.376166554395397	1.72249087338211e-06	1.72249087338211e-06	1.72249087338211e-06	ont
HIOv1_HG006_sup-PAY77227_0	chr9	23.641901517218	26	12.2007011749714	0.516062600382878	0.909303904508383	1	0.469257737498901	0.516062600382879	1.8064269056449e-06	1.8064269056449e-06	1.8064269056449e-06	ont
HIOv1_HG006_sup-PAY77227_0	chr10	27.4929716522998	27	22.5059776651207	0.818608404713429	1.01825820934444	1	0.833554728337804	0.81860840471343	1.86849599898952e-06	1.86849599898952e-06	1.86849599898952e-06	ont
HIOv1_HG006_sup-PAY77227_0	chr11	26.4996859423193	27	6.81377549365289	0.257126650801981	0.981469849715528	1	0.252362055320477	0.25712665080198	1.85066399973647e-06	1.85066399973647e-06	1.85066399973647e-06	ont
HIOv1_HG006_sup-PAY77227_0	chr12	26.9122771015045	27	6.52121881701679	0.242313899801969	0.996751003759427	1	0.241526622852473	0.242313899801969	1.87581574537227e-06	1.87581574537227e-06	1.87581574537227e-06	ont
HIOv1_HG006_sup-PAY77227_0	chr13	24.1880870218735	25	20.8865506896786	0.863505686530344	0.96752348087494	1	0.835462027587137	0.863505686530338	2.1859958981973e-06	2.1859958981973e-06	2.1859958981973e-06	ont
HIOv1_HG006_sup-PAY77227_0	chr14	22.6514205640216	25	12.2570353067227	0.541115523950456	0.906056822560869	1	0.490281412268908	0.541115523950453	2.33549366497343e-06	2.33549366497343e-06	2.33549366497343e-06	ont
HIOv1_HG006_sup-PAY77227_0	chr15	22.4929724329157	25	12.9391107352646	0.575251260092676	0.899718897316631	1	0.517564429410586	0.575251260092677	2.45119186753367e-06	2.45119186753367e-06	2.45119186753367e-06	ont
HIOv1_HG006_sup-PAY77227_0	chr16	25.4039037684439	26	83.6345274251811	3.29219194764349	0.977073221863225	1	3.21671259327619	3.29219194764349	2.7673739890091e-06	2.7673739890091e-06	2.7673739890091e-06	ont
HIOv1_HG006_sup-PAY77227_0	chr17	26.7492188386745	26	14.4515987288114	0.540262458353253	1.02881610917979	1	0.555830720338902	0.540262458353253	3.00273428984433e-06	3.00273428984433e-06	3.00273428984433e-06	ont
HIOv1_HG006_sup-PAY77227_0	chr18	25.9453357022792	26	9.81099489678981	0.378140988783889	0.99789752701074	1	0.377345957568842	0.378140988783892	3.11048569612048e-06	3.11048569612048e-06	3.11048569612048e-06	ont
HIOv1_HG006_sup-PAY77227_0	chr19	26.0095534365502	26	9.35118572522546	0.359528884186247	1.00036743986732	1	0.359660989431749	0.359528884186247	4.26492703136342e-06	4.26492703136342e-06	4.26492703136342e-06	ont
HIOv1_HG006_sup-PAY77227_0	chr20	27.6558464532107	26	27.838489511285	1.00660413914227	1.06368640204656	1	1.07071113504943	1.00660413914228	3.87932505950885e-06	3.87932505950885e-06	3.87932505950885e-06	ont
HIOv1_HG006_sup-PAY77227_0	chr21	27.4322800256904	25	101.958842760035	3.71674693698628	1.09729120102762	1	4.07835371040139	3.71674693698627	5.35217298223079e-06	5.35217298223079e-06	5.35217298223079e-06	ont
HIOv1_HG006_sup-PAY77227_0	chr22	20.1259954544112	23	25.2283963305319	1.25352290711177	0.875043280626578	1	1.09688679697965	1.25352290711177	4.91946830386572e-06	4.91946830386572e-06	4.91946830386572e-06	ont
HIOv1_HG003_sup-PAY87794_0	chr1	31.4433122740945	31	114.582206072545	3.64408829049943	1.01430039593853	1	3.69620019588858	3.64408829049947	1.00419169698154e-06	1.00419169698154e-06	1.00419169698154e-06	ont
HIOv1_HG003_sup-PAY87794_0	chr2	31.6573641205556	32	10.1721140489039	0.321319046341541	0.989292628767364	1	0.317878564028246	0.321319046341541	1.03223227868785e-06	1.03223227868785e-06	1.03223227868785e-06	ont
HIOv1_HG003_sup-PAY87794_0	chr3	32.0115655617169	32	9.20559537958498	0.287570920636074	1.00036142380365	1	0.287674855612031	0.287570920636074	1.26074406088688e-06	1.26074406088688e-06	1.26074406088688e-06	ont
HIOv1_HG003_sup-PAY87794_0	chr4	32.4992558405086	32	31.3301626610923	0.964027078492086	1.01560174501589	1	0.979067583159135	0.964027078492086	1.31430500077281e-06	1.31430500077281e-06	1.31430500077281e-06	ont
HIOv1_HG003_sup-PAY87794_0	chr5	31.6063056666279	32	21.3460791713828	0.675374066065602	0.987697052082123	1	0.667064974105712	0.675374066065602	1.37711986947107e-06	1.37711986947107e-06	1.37711986947107e-06	ont
HIOv1_HG003_sup-PAY87794_0	chr6	32.333389049565	32	13.8879580823089	0.429523736624687	1.01041840779891	1	0.433998690072153	0.429523736624687	1.46364881795721e-06	1.46364881795721e-06	1.46364881795721e-06	ont
HIOv1_HG003_sup-PAY87794_0	chr7	31.51604872416	31	8.31823862123593	0.263936596051117	1.01664673303742	1	0.268330278104383	0.263936596051115	1.56891293160795e-06	1.56891293160795e-06	1.56891293160795e-06	ont
HIOv1_HG003_sup-PAY87794_0	chr8	31.8987003117364	31	13.3016032417693	0.41699514750685	1.02899033263666	1	0.429083975540941	0.416995147506845	1.72249087338211e-06	1.72249087338211e-06	1.72249087338211e-06	ont
HIOv1_HG003_sup-PAY87794_0	chr9	27.7229497506228	30	14.3152942467031	0.516369808244575	0.924098325020759	1	0.4771764748901	0.516369808244573	1.8064269056449e-06	1.8064269056449e-06	1.8064269056449e-06	ont
HIOv1_HG003_sup-PAY87794_0	chr10	32.3204904129339	32	24.6048509337397	0.76127715326663	1.01001532540418	1	0.768901591679366	0.76127715326663	1.86849599898952e-06	1.86849599898952e-06	1.86849599898952e-06	ont
HIOv1_HG003_sup-PAY87794_0	chr11	31.3083372783321	31	7.39715592848219	0.236267926422321	1.00994636381716	1	0.238617933176845	0.236267926422321	1.85066399973647e-06	1.85066399973647e-06	1.85066399973647e-06	ont
HIOv1_HG003_sup-PAY87794_0	chr12	31.5620934403849	32	8.03811385959439	0.254676194872084	0.986315420012028	1	0.251191058112325	0.254676194872084	1.87581574537227e-06	1.87581574537227e-06	1.87581574537227e-06	ont
HIOv1_HG003_sup-PAY87794_0	chr13	28.5385336426955	30	23.1735160502598	0.812007944780691	0.951284454756515	1	0.772450535008663	0.812007944780696	2.1859958981973e-06	2.1859958981973e-06	2.1859958981973e-06	ont
HIOv1_HG003_sup-PAY87794_0	chr14	26.7157293162843	30	14.0199823502375	0.524783814967453	0.890524310542808	1	0.46733274500792	0.524783814967458	2.33549366497343e-06	2.33549366497343e-06	2.33549366497343e-06	ont
HIOv1_HG003_sup-PAY87794_0	chr15	26.3832266901458	30	14.7601257433956	0.559451120848251	0.879440889671528	1	0.492004191446517	0.559451120848249	2.45119186753367e-06	2.45119186753367e-06	2.45119186753367e-06	ont
HIOv1_HG003_sup-PAY87794_0	chr16	31.5415092261481	30	204.59566133962	6.48655268435948	1.0513836408716	1	6.81985537798738	6.48655268435951	2.7673739890091e-06	2.7673739890091e-06	2.7673739890091e-06	ont
HIOv1_HG003_sup-PAY87794_0	chr17	31.1306051290305	31	13.9789245626217	0.449041208954393	1.0042130686784	1	0.450933050407146	0.449041208954388	3.00273428984433e-06	3.00273428984433e-06	3.00273428984433e-06	ont
HIOv1_HG003_sup-PAY87794_0	chr18	30.8197859239325	31	11.6267823902807	0.377250588922883	0.994186642707498	1	0.375057496460668	0.377250588922883	3.11048569612048e-06	3.11048569612048e-06	3.11048569612048e-06	ont
HIOv1_HG003_sup-PAY87794_0	chr19	29.6465868215461	30	11.5902962375491	0.390948756000663	0.988219560718202	1	0.386343207918303	0.390948756000663	4.26492703136342e-06	4.26492703136342e-06	4.26492703136342e-06	ont
HIOv1_HG003_sup-PAY87794_0	chr20	32.696742297988	31	28.2776012391355	0.864844606885362	1.05473362251574	1	0.912180685133399	0.86484460688536	3.87932505950885e-06	3.87932505950885e-06	3.87932505950885e-06	ont
HIOv1_HG003_sup-PAY87794_0	chr21	30.1028816099336	29	68.0728477979052	2.26133991688828	1.03803040034254	1	2.3473395792381	2.26133991688827	5.35217298223079e-06	5.35217298223079e-06	5.35217298223079e-06	ont
HIOv1_HG003_sup-PAY87794_0	chr22	23.6224022747622	28	29.3213979745136	1.24125385866619	0.843657224098648	1	1.04719278480406	1.2412538586662	4.91946830386572e-06	4.91946830386572e-06	4.91946830386572e-06	ont
HIOv1_HG002_sup-PAW71238_0	chr1	31.5092430824749	31	113.21530860323	3.5930824585945	1.01642719620887	1	3.65210672913648	3.59308245859451	1.00419169698154e-06	1.00419169698154e-06	1.00419169698154e-06	ont
HIOv1_HG002_sup-PAW71238_0	chr2	31.7242356371588	32	10.7731393266952	0.339587041589005	0.991382363661212	1	0.336660603959226	0.339587041589005	1.03223227868785e-06	1.03223227868785e-06	1.03223227868785e-06	ont
HIOv1_HG002_sup-PAW71238_0	chr3	32.1296589536026	32	8.56671329157093	0.266629449878128	1.00405184230008	1	0.267709790361592	0.266629449878128	1.26074406088688e-06	1.26074406088688e-06	1.26074406088688e-06	ont
HIOv1_HG002_sup-PAW71238_0	chr4	32.6587325578583	32	30.9871029259015	0.948815232526389	1.02058539243307	1	0.968346966434422	0.948815232526389	1.31430500077281e-06	1.31430500077281e-06	1.31430500077281e-06	ont
HIOv1_HG002_sup-PAW71238_0	chr5	31.8450957731784	32	19.4199167220827	0.609824409397418	0.995159242911826	1	0.606872397565086	0.609824409397418	1.37711986947107e-06	1.37711986947107e-06	1.37711986947107e-06	ont
HIOv1_HG002_sup-PAW71238_0	chr6	32.5260942238563	32	19.6849743995201	0.605205600895117	1.01644044449551	1	0.615155449985004	0.605205600895117	1.46364881795721e-06	1.46364881795721e-06	1.46364881795721e-06	ont
HIOv1_HG002_sup-PAW71238_0	chr7	31.8171111919973	32	8.65524594427737	0.272031168764761	0.994284724749915	1	0.270476435758668	0.272031168764761	1.56891293160795e-06	1.56891293160795e-06	1.56891293160795e-06	ont
HIOv1_HG002_sup-PAW71238_0	chr8	32.0018668356086	32	14.9480543216234	0.467099447616934	1.00005833861277	1	0.467126697550732	0.467099447616934	1.72249087338211e-06	1.72249087338211e-06	1.72249087338211e-06	ont
HIOv1_HG002_sup-PAW71238_0	chr9	27.5834462651221	30	13.9710126745133	0.506499896359179	0.919448208837402	1	0.465700422483777	0.506499896359179	1.8064269056449e-06	1.8064269056449e-06	1.8064269056449e-06	ont
HIOv1_HG002_sup-PAW71238_0	chr10	32.25005371926	32	20.3724677211848	0.631703373226265	1.00781417872687	1	0.636639616287025	0.631703373226265	1.86849599898952e-06	1.86849599898952e-06	1.86849599898952e-06	ont
HIOv1_HG002_sup-PAW71238_0	chr11	31.3382321643182	31	7.30979975903551	0.23325501326008	1.01091071497801	1	0.235799992226952	0.23325501326008	1.85066399973647e-06	1.85066399973647e-06	1.85066399973647e-06	ont
HIOv1_HG002_sup-PAW71238_0	chr12	31.7345225504941	32	7.94324911869819	0.250303092036735	0.991703829702942	1	0.248226534959319	0.250303092036735	1.87581574537227e-06	1.87581574537227e-06	1.87581574537227e-06	ont
HIOv1_HG002_sup-PAW71238_0	chr13	28.599498007902	31	21.2586819067847	0.743323603124464	0.922564451867805	1	0.685763932476922	0.743323603124463	2.1859958981973e-06	2.1859958981973e-06	2.1859958981973e-06	ont
HIOv1_HG002_sup-PAW71238_0	chr14	26.6817156536463	30	14.5009836016242	0.543480179080709	0.889390521788209	1	0.483366120054142	0.54348017908071	2.33549366497343e-06	2.33549366497343e-06	2.33549366497343e-06	ont
HIOv1_HG002_sup-PAW71238_0	chr15	25.913277321965	30	14.0374949918626	0.541710522272067	0.863775910732168	1	0.467916499728754	0.541710522272068	2.45119186753367e-06	2.45119186753367e-06	2.45119186753367e-06	ont
HIOv1_HG002_sup-PAW71238_0	chr16	30.198363153633	30	141.097173511582	4.67234508022028	1.0066121051211	1	4.70323911705276	4.67234508022029	2.7673739890091e-06	2.7673739890091e-06	2.7673739890091e-06	ont
HIOv1_HG002_sup-PAW71238_0	chr17	30.6552320543087	31	14.3156036074939	0.466987285633084	0.988878453364795	1	0.461793664757867	0.466987285633083	3.00273428984433e-06	3.00273428984433e-06	3.00273428984433e-06	ont
HIOv1_HG002_sup-PAW71238_0	chr18	30.8352139329852	31	10.5380665204465	0.341754285971524	0.994684320418878	1	0.339937629691824	0.341754285971524	3.11048569612048e-06	3.11048569612048e-06	3.11048569612048e-06	ont
HIOv1_HG002_sup-PAW71238_0	chr19	29.1329454524363	30	11.1924132936686	0.384184061029524	0.971098181747875	1	0.373080443122286	0.384184061029524	4.26492703136342e-06	4.26492703136342e-06	4.26492703136342e-06	ont
HIOv1_HG002_sup-PAW71238_0	chr20	32.7295443189612	31	30.7854435861462	0.940601044919261	1.05579175222456	1	0.993078825359553	0.94060104491926	3.87932505950885e-06	3.87932505950885e-06	3.87932505950885e-06	ont
HIOv1_HG002_sup-PAW71238_0	chr21	30.8675893812888	29	89.3623288020429	2.89502130205905	1.06439963383754	1	3.08145961386352	2.89502130205903	5.35217298223079e-06	5.35217298223079e-06	5.35217298223079e-06	ont
HIOv1_HG002_sup-PAW71238_0	chr22	23.519513562974	27	31.2303043761876	1.32784652593123	0.871093094924967	1	1.1566779398588	1.32784652593123	4.91946830386572e-06	4.91946830386572e-06	4.91946830386572e-06	ont
HIOv1_HG006_sup-PBA16846_0	chr1	30.7087570938612	30	119.061444050127	3.87711699585289	1.02362523646204	1	3.96871480167096	3.87711699585294	1.00419169698154e-06	1.00419169698154e-06	1.00419169698154e-06	ont
HIOv1_HG006_sup-PBA16846_0	chr2	31.0608678472238	31	10.3043130638002	0.331745819675197	1.0019634789427	1	0.332397195606459	0.331745819675196	1.03223227868785e-06	1.03223227868785e-06	1.03223227868785e-06	ont
HIOv1_HG006_sup-PBA16846_0	chr3	31.0960127204033	31	9.12595403116748	0.293476662529778	1.00309718452914	1	0.294385613908627	0.293476662529777	1.26074406088688e-06	1.26074406088688e-06	1.26074406088688e-06	ont
HIOv1_HG006_sup-PBA16846_0	chr4	31.685366160116	31	42.6980835822313	1.34756478326508	1.02210858581019	1	1.3773575349107	1.34756478326508	1.31430500077281e-06	1.31430500077281e-06	1.31430500077281e-06	ont
HIOv1_HG006_sup-PBA16846_0	chr5	30.80868059247	31	24.2634038692781	0.787550891588924	0.99382840620871	1	0.782690447396072	0.787550891588926	1.37711986947107e-06	1.37711986947107e-06	1.37711986947107e-06	ont
HIOv1_HG006_sup-PBA16846_0	chr6	31.3948470779715	31	12.9546094927456	0.41263489707632	1.01273700251521	1	0.417890628798243	0.412634897076319	1.46364881795721e-06	1.46364881795721e-06	1.46364881795721e-06	ont
HIOv1_HG006_sup-PBA16846_0	chr7	30.7811661416038	31	7.68742678156001	0.249744494610608	0.992940843277542	1	0.247981509082581	0.249744494610608	1.56891293160795e-06	1.56891293160795e-06	1.56891293160795e-06	ont
HIOv1_HG006_sup-PBA16846_0	chr8	31.0642768139293	31	11.3957757143167	0.366845034976214	1.00207344561062	1	0.367605668203763	0.366845034976213	1.72249087338211e-06	1.72249087338211e-06	1.72249087338211e-06	ont
HIOv1_HG006_sup-PBA16846_0	chr9	27.197671877004	30	13.8721452832888	0.510048997797415	0.9065890625668	1	0.462404842776294	0.510048997797415	1.8064269056449e-06	1.8064269056449e-06	1.8064269056449e-06	ont
HIOv1_HG006_sup-PBA16846_0	chr10	31.7150947196677	31	25.9986462568199	0.819756222916061	1.02306757160218	1	0.838666008284515	0.819756222916063	1.86849599898952e-06	1.86849599898952e-06	1.86849599898952e-06	ont
HIOv1_HG006_sup-PBA16846_0	chr11	30.7386677365972	31	7.54614370131008	0.245493518651288	0.991569926987007	1	0.243423990364841	0.245493518651288	1.85066399973647e-06	1.85066399973647e-06	1.85066399973647e-06	ont
HIOv1_HG006_sup-PBA16846_0	chr12	31.0004824598097	31	7.25714642401977	0.234097854232696	1.00001556321967	1	0.234101497549025	0.234097854232695	1.87581574537227e-06	1.87581574537227e-06	1.87581574537227e-06	ont
HIOv1_HG006_sup-PBA16846_0	chr13	28.0238212345019	29	23.5807379856787	0.841453340297752	0.966338663258684	1	0.813128896057878	0.841453340297745	2.1859958981973e-06	2.1859958981973e-06	2.1859958981973e-06	ont
HIOv1_HG006_sup-PBA16846_0	chr14	25.7956288900565	29	13.73785895505	0.532565382049886	0.889504444484711	1	0.473719274312069	0.532565382049883	2.33549366497343e-06	2.33549366497343e-06	2.33549366497343e-06	ont
HIOv1_HG006_sup-PBA16846_0	chr15	25.9082435543458	29	14.6903527261361	0.567014614299163	0.893387708770547	1	0.506563887108144	0.567014614299162	2.45119186753367e-06	2.45119186753367e-06	2.45119186753367e-06	ont
HIOv1_HG006_sup-PBA16846_0	chr16	29.1025832329238	29	96.0120137768522	3.29908905365602	1.00353735285944	1	3.31075909575352	3.29908905365602	2.7673739890091e-06	2.7673739890091e-06	2.7673739890091e-06	ont
HIOv1_HG006_sup-PBA16846_0	chr17	30.6270165612807	30	16.518058328324	0.539329656719043	1.02090055204269	1	0.550601944277466	0.539329656719043	3.00273428984433e-06	3.00273428984433e-06	3.00273428984433e-06	ont
HIOv1_HG006_sup-PBA16846_0	chr18	29.9877216687631	30	11.1395933158244	0.371471812326043	0.999590722292104	1	0.371319777194146	0.371471812326043	3.11048569612048e-06	3.11048569612048e-06	3.11048569612048e-06	ont
HIOv1_HG006_sup-PBA16846_0	chr19	30.1162004959257	31	10.5215517794155	0.349365179078246	0.971490338578249	1	0.339404896110176	0.349365179078246	4.26492703136342e-06	4.26492703136342e-06	4.26492703136342e-06	ont
HIOv1_HG006_sup-PBA16846_0	chr20	32.1049473808349	31	31.3480769206613	0.976425114447458	1.0356434638979	1	1.01122828776327	0.976425114447457	3.87932505950885e-06	3.87932505950885e-06	3.87932505950885e-06	ont
HIOv1_HG006_sup-PBA16846_0	chr21	31.3352023121387	28	118.074338832701	3.76810520182796	1.11911436829067	1	4.21694067259647	3.76810520182795	5.35217298223079e-06	5.35217298223079e-06	5.35217298223079e-06	ont
HIOv1_HG006_sup-PBA16846_0	chr22	23.2974497476313	27	28.8197933761664	1.23703640047969	0.862868509171528	1	1.06739975467283	1.2370364004797	4.91946830386572e-06	4.91946830386572e-06	4.91946830386572e-06	ont
HIOv1_HG002_sup-PAW70337_0	chr1	40.0328179888491	39	150.484902483544	3.75903846003199	1.02648251253459	1	3.85858724316784	3.75903846003204	1.00419169698154e-06	1.00419169698154e-06	1.00419169698154e-06	ont
HIOv1_HG002_sup-PAW70337_0	chr2	40.5264130692167	41	13.6533337442848	0.336899634343798	0.988449099249189	1	0.333008140104506	0.336899634343796	1.03223227868785e-06	1.03223227868785e-06	1.03223227868785e-06	ont
HIOv1_HG002_sup-PAW70337_0	chr3	40.9799897224144	41	10.3491878770882	0.252542471269278	0.999511944449132	1	0.25241921651435	0.252542471269283	1.26074406088688e-06	1.26074406088688e-06	1.26074406088688e-06	ont
HIOv1_HG002_sup-PAW70337_0	chr4	41.51539603164	40	38.7456420222646	0.933283690530988	1.037884900791	1	0.968641050556606	0.93328369053098	1.31430500077281e-06	1.31430500077281e-06	1.31430500077281e-06	ont
HIOv1_HG002_sup-PAW70337_0	chr5	40.4239802289655	40	23.5185513362897	0.581797022536579	1.01059950572414	1	0.587963783407243	0.58179702253658	1.37711986947107e-06	1.37711986947107e-06	1.37711986947107e-06	ont
HIOv1_HG002_sup-PAW70337_0	chr6	41.3782744751355	41	24.4232544341917	0.590243424695435	1.00922620671062	1	0.595689132541264	0.590243424695438	1.46364881795721e-06	1.46364881795721e-06	1.46364881795721e-06	ont
HIOv1_HG002_sup-PAW70337_0	chr7	40.0169135089679	40	10.4308826698197	0.260661849082442	1.0004228377242	1	0.260772066745492	0.260661849082441	1.56891293160795e-06	1.56891293160795e-06	1.56891293160795e-06	ont
HIOv1_HG002_sup-PAW70337_0	chr8	40.7327169571992	40	17.8494254763913	0.438208565737144	1.01831792392998	1	0.446235636909784	0.438208565737145	1.72249087338211e-06	1.72249087338211e-06	1.72249087338211e-06	ont
HIOv1_HG002_sup-PAW70337_0	chr9	34.9743563249328	39	17.3232638796563	0.495313300942918	0.89677836730597	1	0.444186253324522	0.49531330094292	1.8064269056449e-06	1.8064269056449e-06	1.8064269056449e-06	ont
HIOv1_HG002_sup-PAW70337_0	chr10	41.0433289274198	40	27.0197660978117	0.658322967554433	1.02608322318549	1	0.675494152445291	0.658322967554432	1.86849599898952e-06	1.86849599898952e-06	1.86849599898952e-06	ont
HIOv1_HG002_sup-PAW70337_0	chr11	39.7275348822404	40	8.67374594921356	0.218330837161785	0.99318837205601	1	0.216843648730338	0.218330837161784	1.85066399973647e-06	1.85066399973647e-06	1.85066399973647e-06	ont
HIOv1_HG002_sup-PAW70337_0	chr12	40.3065533123717	40	9.59406832472611	0.238027505114939	1.00766383280929	1	0.239851708118153	0.238027505114939	1.87581574537227e-06	1.87581574537227e-06	1.87581574537227e-06	ont
HIOv1_HG002_sup-PAW70337_0	chr13	36.3436739683301	39	26.5595674078947	0.730789282091809	0.93188907611103	1	0.681014548920379	0.730789282091809	2.1859958981973e-06	2.1859958981973e-06	2.1859958981973e-06	ont
HIOv1_HG002_sup-PAW70337_0	chr14	33.8834224324167	38	18.1475194647908	0.535586967372837	0.891669011379386	1	0.477566301705022	0.535586967372838	2.33549366497343e-06	2.33549366497343e-06	2.33549366497343e-06	ont
HIOv1_HG002_sup-PAW70337_0	chr15	32.8610546792273	38	17.5813494505192	0.535020851343308	0.864764596821769	1	0.462667090803137	0.53502085134331	2.45119186753367e-06	2.45119186753367e-06	2.45119186753367e-06	ont
HIOv1_HG002_sup-PAW70337_0	chr16	38.731296841264	38	190.005756492167	4.90574217720841	1.01924465371747	1	5.00015148663598	4.9057421772084	2.7673739890091e-06	2.7673739890091e-06	2.7673739890091e-06	ont
HIOv1_HG002_sup-PAW70337_0	chr17	38.8594041734403	39	18.0556736044448	0.464641030620473	0.996394978806162	1	0.46296598985756	0.464641030620473	3.00273428984433e-06	3.00273428984433e-06	3.00273428984433e-06	ont
HIOv1_HG002_sup-PAW70337_0	chr18	39.042100423897	40	12.7469984235663	0.326493664151432	0.976052510597425	1	0.318674960589158	0.326493664151432	3.11048569612048e-06	3.11048569612048e-06	3.11048569612048e-06	ont
HIOv1_HG002_sup-PAW70337_0	chr19	36.518913671906	37	13.7538460532523	0.37662254076942	0.98699766680827	1	0.37172556900682	0.37662254076942	4.26492703136342e-06	4.26492703136342e-06	4.26492703136342e-06	ont
HIOv1_HG002_sup-PAW70337_0	chr20	41.2741519019555	39	39.4367507234864	0.955483005857183	1.05831158722963	1	1.01119873649965	0.955483005857181	3.87932505950885e-06	3.87932505950885e-06	3.87932505950885e-06	ont
HIOv1_HG002_sup-PAW70337_0	chr21	39.3683868550631	38	109.071752903956	2.77054158468596	1.0360101803964	1	2.87030928694622	2.77054158468595	5.35217298223079e-06	5.35217298223079e-06	5.35217298223079e-06	ont
HIOv1_HG002_sup-PAW70337_0	chr22	29.9379625530072	35	40.1734887419026	1.34189120822009	0.85537035865735	1	1.14781396405436	1.34189120822008	4.91946830386572e-06	4.91946830386572e-06	4.91946830386572e-06	ont
HIOv1_HG005_sup-PAW88001_0	chr1	30.0411754746663	29	137.174407135602	4.56621303821085	1.0359026025747	1	4.73015197019315	4.56621303821085	1.00419169698154e-06	1.00419169698154e-06	1.00419169698154e-06	ont
HIOv1_HG005_sup-PAW88001_0	chr2	29.7998650253072	30	9.37709563081124	0.314669063864814	0.993328834176908	1	0.312569854360377	0.314669063864817	1.03223227868785e-06	1.03223227868785e-06	1.03223227868785e-06	ont
HIOv1_HG005_sup-PAW88001_0	chr3	30.1036548466027	30	7.79257788842653	0.258858199382589	1.00345516155342	1	0.259752596280886	0.25885819938259	1.26074406088688e-06	1.26074406088688e-06	1.26074406088688e-06	ont
HIOv1_HG005_sup-PAW88001_0	chr4	30.6263709515463	30	34.7969156844524	1.13617495652698	1.02087903171821	1	1.15989718948176	1.13617495652699	1.31430500077281e-06	1.31430500077281e-06	1.31430500077281e-06	ont
HIOv1_HG005_sup-PAW88001_0	chr5	29.9533497889977	30	19.3882234471108	0.647280640852809	0.99844499296659	1	0.646274114903694	0.647280640852811	1.37711986947107e-06	1.37711986947107e-06	1.37711986947107e-06	ont
HIOv1_HG005_sup-PAW88001_0	chr6	30.3346436893318	30	10.9428504812315	0.360737729221457	1.01115478964439	1	0.364761682707716	0.360737729221455	1.46364881795721e-06	1.46364881795721e-06	1.46364881795721e-06	ont
HIOv1_HG005_sup-PAW88001_0	chr7	29.8105606667252	30	7.78712525405495	0.261220355467752	0.993685355557508	1	0.259570841801832	0.261220355467752	1.56891293160795e-06	1.56891293160795e-06	1.56891293160795e-06	ont
HIOv1_HG005_sup-PAW88001_0	chr8	29.8864637365719	30	11.0721224193621	0.3704728172913	0.99621545788573	1	0.369070747312069	0.3704728172913	1.72249087338211e-06	1.72249087338211e-06	1.72249087338211e-06	ont
HIOv1_HG005_sup-PAW88001_0	chr9	25.9515830622188	28	13.3365383733008	0.513900764409111	0.926842252222098	1	0.476304941903602	0.513900764409114	1.8064269056449e-06	1.8064269056449e-06	1.8064269056449e-06	ont
HIOv1_HG005_sup-PAW88001_0	chr10	30.2864875227443	30	22.6448290639607	0.747687530518521	1.00954958409148	1	0.754827635465354	0.74768753051852	1.86849599898952e-06	1.86849599898952e-06	1.86849599898952e-06	ont
HIOv1_HG005_sup-PAW88001_0	chr11	29.3956982425725	30	7.15036228921183	0.243245192892077	0.979856608085748	1	0.238345409640395	0.243245192892078	1.85066399973647e-06	1.85066399973647e-06	1.85066399973647e-06	ont
HIOv1_HG005_sup-PAW88001_0	chr12	30.1065909787519	30	13.8602093438671	0.46037126400824	1.00355303262506	1	0.462006978128902	0.460371264008239	1.87581574537227e-06	1.87581574537227e-06	1.87581574537227e-06	ont
HIOv1_HG005_sup-PAW88001_0	chr13	26.8537389492442	28	20.0098758484658	0.745143009183419	0.959062105330151	1	0.714638423159495	0.74514300918342	2.1859958981973e-06	2.1859958981973e-06	2.1859958981973e-06	ont
HIOv1_HG005_sup-PAW88001_0	chr14	24.8797454311904	28	13.1642383868185	0.529114673750445	0.888562336828233	1	0.470151370957802	0.529114673750443	2.33549366497343e-06	2.33549366497343e-06	2.33549366497343e-06	ont
HIOv1_HG005_sup-PAW88001_0	chr15	24.9728653060263	28	14.7829605964666	0.591960931006954	0.8918880466438	1	0.527962878445236	0.591960931006952	2.45119186753367e-06	2.45119186753367e-06	2.45119186753367e-06	ont
HIOv1_HG005_sup-PAW88001_0	chr16	27.8412927621547	28	105.961055784099	3.80589567766532	0.994331884362669	1	3.78432342086067	3.8058956776653	2.7673739890091e-06	2.7673739890091e-06	2.7673739890091e-06	ont
HIOv1_HG005_sup-PAW88001_0	chr17	28.8768158284934	29	14.3777030026483	0.497897797597944	0.995752269948049	1	0.495782862160286	0.497897797597943	3.00273428984433e-06	3.00273428984433e-06	3.00273428984433e-06	ont
HIOv1_HG005_sup-PAW88001_0	chr18	29.1920799569011	29	11.6319017686152	0.398460876572977	1.00662344678969	1	0.401100060986733	0.398460876572977	3.11048569612048e-06	3.11048569612048e-06	3.11048569612048e-06	ont
HIOv1_HG005_sup-PAW88001_0	chr19	27.486141972597	28	9.83767894925148	0.357914143027399	0.98164792759275	1	0.351345676758981	0.357914143027399	4.26492703136342e-06	4.26492703136342e-06	4.26492703136342e-06	ont
HIOv1_HG005_sup-PAW88001_0	chr20	30.7454084308596	29	26.6152759091566	0.865666688702775	1.06018649761585	1	0.917768134798505	0.865666688702777	3.87932505950885e-06	3.87932505950885e-06	3.87932505950885e-06	ont
HIOv1_HG005_sup-PAW88001_0	chr21	29.9350631556412	27	115.148754619104	3.84661806191663	1.10870604280153	1	4.26476868959646	3.84661806191663	5.35217298223079e-06	5.35217298223079e-06	5.35217298223079e-06	ont
HIOv1_HG005_sup-PAW88001_0	chr22	21.7237029821817	25	28.0585136609195	1.29160823474404	0.868948119287267	1	1.12234054643678	1.29160823474404	4.91946830386572e-06	4.91946830386572e-06	4.91946830386572e-06	ont
HIOv1_HG001_sup-PAW79146_0	chr1	30.9987118228911	31	117.896784003269	3.80328010650454	0.999958445899713	1	3.80312206462161	3.80328010650457	1.00419169698154e-06	1.00419169698154e-06	1.00419169698154e-06	ont
HIOv1_HG001_sup-PAW79146_0	chr2	31.2097184256146	31	9.88028384960919	0.316577154425725	1.0067651105037	1	0.31871883385836	0.316577154425724	1.03223227868785e-06	1.03223227868785e-06	1.03223227868785e-06	ont
HIOv1_HG001_sup-PAW79146_0	chr3	31.5261241298345	31	8.54440300670299	0.271026116991561	1.01697174612369	1	0.275625903442031	0.27102611699156	1.26074406088688e-06	1.26074406088688e-06	1.26074406088688e-06	ont
HIOv1_HG001_sup-PAW79146_0	chr4	31.675231554255	31	30.2387784818318	0.95465058968984	1.02178166304049	1	0.975444467155868	0.954650589689843	1.31430500077281e-06	1.31430500077281e-06	1.31430500077281e-06	ont
HIOv1_HG001_sup-PAW79146_0	chr5	31.2278139103429	31	16.8517235067116	0.539638271032805	1.00734883581751	1	0.543603984087473	0.539638271032807	1.37711986947107e-06	1.37711986947107e-06	1.37711986947107e-06	ont
HIOv1_HG001_sup-PAW79146_0	chr6	31.3554301371146	31	9.21928591425664	0.294025177583005	1.01146548829402	1	0.297396319814729	0.294025177583004	1.46364881795721e-06	1.46364881795721e-06	1.46364881795721e-06	ont
HIOv1_HG001_sup-PAW79146_0	chr7	31.3330701743376	31	8.83930654966027	0.282107897517807	1.01074419917218	1	0.285138920956783	0.282107897517807	1.56891293160795e-06	1.56891293160795e-06	1.56891293160795e-06	ont
HIOv1_HG001_sup-PAW79146_0	chr8	31.2700290377511	31	13.2016179473332	0.422181186061433	1.008710614121	1	0.425858643462362	0.422181186061432	1.72249087338211e-06	1.72249087338211e-06	1.72249087338211e-06	ont
HIOv1_HG001_sup-PAW79146_0	chr9	28.0057050574534	30	15.0954804550309	0.539014476659762	0.933523501915114	1	0.503182681834361	0.53901447665976	1.8064269056449e-06	1.8064269056449e-06	1.8064269056449e-06	ont
HIOv1_HG001_sup-PAW79146_0	chr10	31.4617528211487	31	17.1218506858466	0.54421159504938	1.01489525229512	1	0.552317764059569	0.544211595049379	1.86849599898952e-06	1.86849599898952e-06	1.86849599898952e-06	ont
HIOv1_HG001_sup-PAW79146_0	chr11	30.9683591975965	31	7.34439433208979	0.237158006506841	0.998979328954726	1	0.236915946196445	0.237158006506842	1.85066399973647e-06	1.85066399973647e-06	1.85066399973647e-06	ont
HIOv1_HG001_sup-PAW79146_0	chr12	30.991174286918	31	7.35788383490768	0.237418684648345	0.999715299578001	1	0.237351091448635	0.237418684648345	1.87581574537227e-06	1.87581574537227e-06	1.87581574537227e-06	ont
HIOv1_HG001_sup-PAW79146_0	chr13	27.6805796561604	30	19.5975892305513	0.70799056500935	0.922685988538678	1	0.653252974351706	0.707990565009347	2.1859958981973e-06	2.1859958981973e-06	2.1859958981973e-06	ont
HIOv1_HG001_sup-PAW79146_0	chr14	26.1470716412682	30	13.6937283520635	0.523719387774595	0.871569054708939	1	0.456457611735448	0.523719387774596	2.33549366497343e-06	2.33549366497343e-06	2.33549366497343e-06	ont
HIOv1_HG001_sup-PAW79146_0	chr15	25.7531674301313	29	14.619357022059	0.567672192623354	0.888040256211422	1	0.504115759381344	0.567672192623355	2.45119186753367e-06	2.45119186753367e-06	2.45119186753367e-06	ont
HIOv1_HG001_sup-PAW79146_0	chr16	30.353961523539	30	154.663193318432	5.09532151836239	1.0117987174513	1	5.15543977728107	5.09532151836238	2.7673739890091e-06	2.7673739890091e-06	2.7673739890091e-06	ont
HIOv1_HG001_sup-PAW79146_0	chr17	30.7847982372749	31	11.2919961448305	0.366804292748553	0.993058007654028	1	0.364257940155822	0.366804292748552	3.00273428984433e-06	3.00273428984433e-06	3.00273428984433e-06	ont
HIOv1_HG001_sup-PAW79146_0	chr18	30.051760970372	30	11.2589330424191	0.374651357486813	1.00172536567907	1	0.375297768080636	0.374651357486812	3.11048569612048e-06	3.11048569612048e-06	3.11048569612048e-06	ont
HIOv1_HG001_sup-PAW79146_0	chr19	29.4466589841114	30	11.1915589476388	0.380062096473404	0.981555299470381	1	0.373051964921292	0.380062096473403	4.26492703136342e-06	4.26492703136342e-06	4.26492703136342e-06	ont
HIOv1_HG001_sup-PAW79146_0	chr20	32.6801682696038	31	28.2559541734891	0.864620828766366	1.05419897643883	1	0.911482392693198	0.864620828766366	3.87932505950885e-06	3.87932505950885e-06	3.87932505950885e-06	ont
HIOv1_HG001_sup-PAW79146_0	chr21	28.812159066581	28	72.6979033275611	2.52316749881763	1.02900568094932	1	2.59635369027005	2.52316749881764	5.35217298223079e-06	5.35217298223079e-06	5.35217298223079e-06	ont
HIOv1_HG001_sup-PAW79146_0	chr22	23.0735283410569	27	18.2632092484192	0.791522171141972	0.854575123742848	1	0.67641515734886	0.791522171141974	4.91946830386572e-06	4.91946830386572e-06	4.91946830386572e-06	ont
HIOv1_HG003_sup-PAY87954_0	chr1	31.4606418110477	31	108.964246917941	3.46350998089548	1.0148594132596	1	3.51497570703035	3.46350998089547	1.00419169698154e-06	1.00419169698154e-06	1.00419169698154e-06	ont
HIOv1_HG003_sup-PAY87954_0	chr2	32.0244343831617	32	10.1431774260354	0.316732445753004	1.0007635744738	1	0.316974294563607	0.316732445753004	1.03223227868785e-06	1.03223227868785e-06	1.03223227868785e-06	ont
HIOv1_HG003_sup-PAY87954_0	chr3	32.3477144727367	32	9.12618593306955	0.282127689137398	1.01086607727302	1	0.285193310408423	0.282127689137398	1.26074406088688e-06	1.26074406088688e-06	1.26074406088688e-06	ont
HIOv1_HG003_sup-PAY87954_0	chr4	32.6651045713631	32	30.5364086632489	0.934832723297621	1.0207845178551	1	0.954262770726528	0.934832723297621	1.31430500077281e-06	1.31430500077281e-06	1.31430500077281e-06	ont
HIOv1_HG003_sup-PAY87954_0	chr5	31.8250212214172	32	20.8284445150034	0.654467576630758	0.994531913169287	1	0.650888891093855	0.654467576630758	1.37711986947107e-06	1.37711986947107e-06	1.37711986947107e-06	ont
HIOv1_HG003_sup-PAY87954_0	chr6	32.3163123660761	32	13.1385225902731	0.40656008152914	1.00988476143988	1	0.410578830946033	0.40656008152914	1.46364881795721e-06	1.46364881795721e-06	1.46364881795721e-06	ont
HIOv1_HG003_sup-PAY87954_0	chr7	31.5483137323811	31	8.38872184777915	0.265900799609742	1.01768753975423	1	0.27060393057352	0.265900799609742	1.56891293160795e-06	1.56891293160795e-06	1.56891293160795e-06	ont
HIOv1_HG003_sup-PAY87954_0	chr8	31.704853255835	31	12.7434195131566	0.401939078863622	1.02273720180113	1	0.411078048811505	0.401939078863622	1.72249087338211e-06	1.72249087338211e-06	1.72249087338211e-06	ont
HIOv1_HG003_sup-PAY87954_0	chr9	27.543982701656	30	14.0622365414823	0.510537517170196	0.918132756721865	1	0.46874121804941	0.510537517170197	1.8064269056449e-06	1.8064269056449e-06	1.8064269056449e-06	ont
HIOv1_HG003_sup-PAY87954_0	chr10	31.9919337027724	31	22.5316791937687	0.704292507077063	1.03199786137975	1	0.72682836108931	0.704292507077059	1.86849599898952e-06	1.86849599898952e-06	1.86849599898952e-06	ont
HIOv1_HG003_sup-PAY87954_0	chr11	31.1741615474216	31	7.45361634065585	0.239095968285066	1.00561811443295	1	0.240439236795351	0.239095968285067	1.85066399973647e-06	1.85066399973647e-06	1.85066399973647e-06	ont
HIOv1_HG003_sup-PAY87954_0	chr12	31.7175254088622	32	8.31976023500524	0.26230798675992	0.991172669026943	1	0.259992507343914	0.26230798675992	1.87581574537227e-06	1.87581574537227e-06	1.87581574537227e-06	ont
HIOv1_HG003_sup-PAY87954_0	chr13	28.8174282457777	31	22.9193441627619	0.795329269749116	0.929594459541214	1	0.739333682669736	0.795329269749114	2.1859958981973e-06	2.1859958981973e-06	2.1859958981973e-06	ont
HIOv1_HG003_sup-PAY87954_0	chr14	26.6114845565482	30	13.99839022156	0.526028158700205	0.887049485218271	1	0.466613007385331	0.526028158700204	2.33549366497343e-06	2.33549366497343e-06	2.33549366497343e-06	ont
HIOv1_HG003_sup-PAY87954_0	chr15	26.3985289907364	30	14.7465993426817	0.558614434457937	0.879950966357882	1	0.491553311422723	0.558614434457937	2.45119186753367e-06	2.45119186753367e-06	2.45119186753367e-06	ont
HIOv1_HG003_sup-PAY87954_0	chr16	30.97210708409	30	196.689653697642	6.35054157483134	1.03240356946967	1	6.5563217899214	6.35054157483135	2.7673739890091e-06	2.7673739890091e-06	2.7673739890091e-06	ont
HIOv1_HG003_sup-PAY87954_0	chr17	30.7441274024126	31	14.0747871748747	0.457804086961019	0.991746045239117	1	0.454025392737896	0.457804086961019	3.00273428984433e-06	3.00273428984433e-06	3.00273428984433e-06	ont
HIOv1_HG003_sup-PAY87954_0	chr18	31.1104197538237	31	11.2581451430462	0.361876992728859	1.0035619275427	1	0.363165972356332	0.361876992728862	3.11048569612048e-06	3.11048569612048e-06	3.11048569612048e-06	ont
HIOv1_HG003_sup-PAY87954_0	chr19	28.8497056773856	29	11.1313295585971	0.385838583002344	0.994817437151226	1	0.383838950296453	0.385838583002344	4.26492703136342e-06	4.26492703136342e-06	4.26492703136342e-06	ont
HIOv1_HG003_sup-PAY87954_0	chr20	32.4192821076218	31	27.2455817170283	0.840412863757486	1.04578329379425	1	0.87888973280736	0.840412863757483	3.87932505950885e-06	3.87932505950885e-06	3.87932505950885e-06	ont
HIOv1_HG003_sup-PAY87954_0	chr21	29.9150995504175	29	65.9226996834632	2.20365971279354	1.03155515691095	1	2.27319654080907	2.20365971279354	5.35217298223079e-06	5.35217298223079e-06	5.35217298223079e-06	ont
HIOv1_HG003_sup-PAY87954_0	chr22	23.1495046095418	27	29.8063625060222	1.28755941039605	0.85738905961266	1	1.1039393520749	1.28755941039605	4.91946830386572e-06	4.91946830386572e-06	4.91946830386572e-06	ont
HIOv1_HG007_sup-PAY12990_0	chr1	30.7983593114378	30	109.495238639132	3.55522959946986	1.02661197704793	1	3.64984128797106	3.55522959946986	1.00419169698154e-06	1.00419169698154e-06	1.00419169698154e-06	ont
HIOv1_HG007_sup-PAY12990_0	chr2	30.9757066197675	31	9.1606800382445	0.295737564624224	0.999216342573146	1	0.295505807685308	0.295737564624225	1.03223227868785e-06	1.03223227868785e-06	1.03223227868785e-06	ont
HIOv1_HG007_sup-PAY12990_0	chr3	30.9786606460254	31	7.95576013470758	0.25681420593399	0.999311633742756	1	0.256637423700244	0.25681420593399	1.26074406088688e-06	1.26074406088688e-06	1.26074406088688e-06	ont
HIOv1_HG007_sup-PAY12990_0	chr4	31.65308236066	31	35.7433110130627	1.12922054812223	1.02106717292452	1	1.15301003267943	1.12922054812222	1.31430500077281e-06	1.31430500077281e-06	1.31430500077281e-06	ont
HIOv1_HG007_sup-PAY12990_0	chr5	30.8072417776304	31	21.35733204513	0.693256871202207	0.993781992826787	1	0.688946195004194	0.693256871202209	1.37711986947107e-06	1.37711986947107e-06	1.37711986947107e-06	ont
HIOv1_HG007_sup-PAY12990_0	chr6	31.1637998665152	31	9.9281075668128	0.31857820963227	1.00528386666178	1	0.320261534413316	0.31857820963227	1.46364881795721e-06	1.46364881795721e-06	1.46364881795721e-06	ont
HIOv1_HG007_sup-PAY12990_0	chr7	31.2648645086792	31	10.5676578107462	0.338004273385306	1.00854401640901	1	0.340892187443425	0.338004273385306	1.56891293160795e-06	1.56891293160795e-06	1.56891293160795e-06	ont
HIOv1_HG007_sup-PAY12990_0	chr8	31.1685870717414	31	15.213942088651	0.488117798013518	1.00543829263682	1	0.490772325440355	0.488117798013518	1.72249087338211e-06	1.72249087338211e-06	1.72249087338211e-06	ont
HIOv1_HG007_sup-PAY12990_0	chr9	27.2631992904355	30	14.4765381200804	0.530991904723342	0.908773309681184	1	0.482551270669348	0.530991904723343	1.8064269056449e-06	1.8064269056449e-06	1.8064269056449e-06	ont
HIOv1_HG007_sup-PAY12990_0	chr10	31.3839669590116	31	21.8708046622587	0.696878271979531	1.01238603093586	1	0.705509827814793	0.696878271979528	1.86849599898952e-06	1.86849599898952e-06	1.86849599898952e-06	ont
HIOv1_HG007_sup-PAY12990_0	chr11	30.5848657139695	31	7.41332530610324	0.24238541295008	0.986608571418371	1	0.23913952600333	0.242385412950079	1.85066399973647e-06	1.85066399973647e-06	1.85066399973647e-06	ont
HIOv1_HG007_sup-PAY12990_0	chr12	31.2333826172657	31	14.8339678407015	0.474939522960965	1.0075284715247	1	0.478515091635528	0.474939522960962	1.87581574537227e-06	1.87581574537227e-06	1.87581574537227e-06	ont
HIOv1_HG007_sup-PAY12990_0	chr13	28.0370591884622	30	22.2785690379423	0.794611477908154	0.934568639615404	1	0.74261896793141	0.794611477908155	2.1859958981973e-06	2.1859958981973e-06	2.1859958981973e-06	ont
HIOv1_HG007_sup-PAY12990_0	chr14	25.7518813569218	29	13.5208774714967	0.525044259256127	0.887995908859373	1	0.46623715418954	0.525044259256126	2.33549366497343e-06	2.33549366497343e-06	2.33549366497343e-06	ont
HIOv1_HG007_sup-PAY12990_0	chr15	25.8614880499494	29	14.8352248356115	0.573641578820152	0.891775449998256	1	0.51155947709005	0.573641578820151	2.45119186753367e-06	2.45119186753367e-06	2.45119186753367e-06	ont
HIOv1_HG007_sup-PAY12990_0	chr16	31.0679844163636	30	215.707184148866	6.94306979358637	1.03559948054545	1	7.19023947162887	6.94306979358637	2.7673739890091e-06	2.7673739890091e-06	2.7673739890091e-06	ont
HIOv1_HG007_sup-PAY12990_0	chr17	30.72083639362	30	14.4990430912096	0.471961209175305	1.02402787978733	1	0.483301436373655	0.471961209175306	3.00273428984433e-06	3.00273428984433e-06	3.00273428984433e-06	ont
HIOv1_HG007_sup-PAY12990_0	chr18	30.2688902906811	30	11.9851948219276	0.395957522949479	1.00896300968937	1	0.399506494064261	0.395957522949485	3.11048569612048e-06	3.11048569612048e-06	3.11048569612048e-06	ont
HIOv1_HG007_sup-PAY12990_0	chr19	29.9127677414567	30	11.2642323786822	0.37656937920428	0.997092258048557	1	0.375474412622738	0.376569379204279	4.26492703136342e-06	4.26492703136342e-06	4.26492703136342e-06	ont
HIOv1_HG007_sup-PAY12990_0	chr20	32.6057317803619	31	33.7213953809513	1.03421679378659	1.05179779936651	1	1.08778694777262	1.03421679378659	3.87932505950885e-06	3.87932505950885e-06	3.87932505950885e-06	ont
HIOv1_HG007_sup-PAY12990_0	chr21	29.2580400342539	29	71.0727575270631	2.42917015096891	1.00889793221565	1	2.45078474231252	2.42917015096891	5.35217298223079e-06	5.35217298223079e-06	5.35217298223079e-06	ont
HIOv1_HG007_sup-PAY12990_0	chr22	23.2959384869684	28	18.6761876404998	0.801692863798861	0.831997803106012	1	0.667006701446422	0.801692863798864	4.91946830386572e-06	4.91946830386572e-06	4.91946830386572e-06	ont
HIOv1_HG007_sup-PBA20413_0	chr1	30.936432255521	30	111.093408378468	3.59102198536943	1.03121440851737	1	3.70311361261557	3.5910219853694	1.00419169698154e-06	1.00419169698154e-06	1.00419169698154e-06	ont
HIOv1_HG007_sup-PBA20413_0	chr2	31.0661962302464	31	9.15746973176389	0.294772802691823	1.00213536226601	1	0.29540224941174	0.294772802691825	1.03223227868785e-06	1.03223227868785e-06	1.03223227868785e-06	ont
HIOv1_HG007_sup-PBA20413_0	chr3	31.4000767036687	31	7.89863298245725	0.251548206617419	1.01290570011834	1	0.254794612337329	0.251548206617418	1.26074406088688e-06	1.26074406088688e-06	1.26074406088688e-06	ont
HIOv1_HG007_sup-PBA20413_0	chr4	31.9359696889723	31	36.1235852296809	1.1311253605728	1.03019257061201	1	1.16527694289293	1.1311253605728	1.31430500077281e-06	1.31430500077281e-06	1.31430500077281e-06	ont
HIOv1_HG007_sup-PBA20413_0	chr5	31.1496284806016	31	21.6116454334081	0.693801065616777	1.0048267251807	1	0.69714985269059	0.693801065616783	1.37711986947107e-06	1.37711986947107e-06	1.37711986947107e-06	ont
HIOv1_HG007_sup-PBA20413_0	chr6	31.516805322998	31	10.4391689868633	0.331225480497725	1.01667113945155	1	0.336747386673012	0.331225480497728	1.46364881795721e-06	1.46364881795721e-06	1.46364881795721e-06	ont
HIOv1_HG007_sup-PBA20413_0	chr7	31.5808222358892	31	10.6026234825437	0.335729811065356	1.01873620115772	1	0.342020112340119	0.335729811065357	1.56891293160795e-06	1.56891293160795e-06	1.56891293160795e-06	ont
HIOv1_HG007_sup-PBA20413_0	chr8	31.3827329935892	31	15.7318413442415	0.501289717101923	1.01234622559965	1	0.507478753040051	0.501289717101924	1.72249087338211e-06	1.72249087338211e-06	1.72249087338211e-06	ont
HIOv1_HG007_sup-PBA20413_0	chr9	27.4775170300896	30	14.6739106907671	0.534033358061366	0.915917234336322	1	0.489130356358907	0.534033358061368	1.8064269056449e-06	1.8064269056449e-06	1.8064269056449e-06	ont
HIOv1_HG007_sup-PBA20413_0	chr10	31.7210626958884	31	22.998410967877	0.72502019205233	1.02326008696414	1	0.741884224770225	0.725020192052328	1.86849599898952e-06	1.86849599898952e-06	1.86849599898952e-06	ont
HIOv1_HG007_sup-PBA20413_0	chr11	30.8970135094771	31	7.315589794448	0.236773362972576	0.996677855144422	1	0.235986767562838	0.236773362972576	1.85066399973647e-06	1.85066399973647e-06	1.85066399973647e-06	ont
HIOv1_HG007_sup-PBA20413_0	chr12	31.4924207664808	31	14.9881072815695	0.475927442755439	1.01588454085422	1	0.483487331663531	0.475927442755438	1.87581574537227e-06	1.87581574537227e-06	1.87581574537227e-06	ont
HIOv1_HG007_sup-PBA20413_0	chr13	28.124092429153	30	22.2038851511379	0.789496948464075	0.937469747638432	1	0.740129505037935	0.789496948464081	2.1859958981973e-06	2.1859958981973e-06	2.1859958981973e-06	ont
HIOv1_HG007_sup-PBA20413_0	chr14	25.9106468149704	29	13.6755317968545	0.527795847572326	0.893470579826569	1	0.471570061960502	0.527795847572326	2.33549366497343e-06	2.33549366497343e-06	2.33549366497343e-06	ont
HIOv1_HG007_sup-PBA20413_0	chr15	26.0809466895183	29	14.9089078862376	0.571639828251686	0.899342989293735	1	0.514100271939227	0.571639828251684	2.45119186753367e-06	2.45119186753367e-06	2.45119186753367e-06	ont
HIOv1_HG007_sup-PBA20413_0	chr16	31.3450090686846	30	213.060711878997	6.79727708523322	1.04483363562282	1	7.1020237292999	6.79727708523322	2.7673739890091e-06	2.7673739890091e-06	2.7673739890091e-06	ont
HIOv1_HG007_sup-PBA20413_0	chr17	31.0115395078759	31	14.9180519890946	0.481048417003157	1.00037224218954	1	0.481227483519179	0.481048417003157	3.00273428984433e-06	3.00273428984433e-06	3.00273428984433e-06	ont
HIOv1_HG007_sup-PBA20413_0	chr18	30.5440786927997	31	12.199274793858	0.39939901008485	0.985292861058056	1	0.393524993350257	0.39939901008485	3.11048569612048e-06	3.11048569612048e-06	3.11048569612048e-06	ont
HIOv1_HG007_sup-PBA20413_0	chr19	30.1461769620584	31	11.669460684498	0.387095872859269	0.972457321356721	1	0.376434215628968	0.38709587285927	4.26492703136342e-06	4.26492703136342e-06	4.26492703136342e-06	ont
HIOv1_HG007_sup-PBA20413_0	chr20	32.9716118750795	31	33.6780217007538	1.02142478894725	1.06360038306708	1	1.08638779679851	1.02142478894726	3.87932505950885e-06	3.87932505950885e-06	3.87932505950885e-06	ont
HIOv1_HG007_sup-PBA20413_0	chr21	29.3374727039178	29	73.3583905229837	2.50050136435874	1.01163698979027	1	2.52959967320633	2.50050136435873	5.35217298223079e-06	5.35217298223079e-06	5.35217298223079e-06	ont
HIOv1_HG007_sup-PBA20413_0	chr22	23.6164890738609	28	19.0992298105481	0.80872435148235	0.843446038352175	1	0.682115350376718	0.808724351482347	4.91946830386572e-06	4.91946830386572e-06	4.91946830386572e-06	ont
HIOv1_HG001_sup-PAW81754_0	chr1	30.9307664051283	30	119.709147020812	3.87022893170098	1.03102554683761	1	3.99030490069375	3.87022893170099	1.00419169698154e-06	1.00419169698154e-06	1.00419169698154e-06	ont
HIOv1_HG001_sup-PAW81754_0	chr2	31.2104659682308	31	9.89994681964969	0.317199583938506	1.00678922478164	1	0.319353123214506	0.317199583938505	1.03223227868785e-06	1.03223227868785e-06	1.03223227868785e-06	ont
HIOv1_HG001_sup-PAW81754_0	chr3	31.4733783805591	31	8.49267579925733	0.269836802918596	1.01527027034062	1	0.27395728384701	0.269836802918596	1.26074406088688e-06	1.26074406088688e-06	1.26074406088688e-06	ont
HIOv1_HG001_sup-PAW81754_0	chr4	31.5607513829117	31	29.9108545236706	0.947723143875009	1.01808875428748	1	0.964866274957114	0.947723143875006	1.31430500077281e-06	1.31430500077281e-06	1.31430500077281e-06	ont
HIOv1_HG001_sup-PAW81754_0	chr5	30.9738484936787	31	16.6710325595987	0.538229292462673	0.999156403021895	1	0.537775243858023	0.538229292462672	1.37711986947107e-06	1.37711986947107e-06	1.37711986947107e-06	ont
HIOv1_HG001_sup-PAW81754_0	chr6	31.3493407725724	31	8.73319561063484	0.278576690782459	1.01126905717975	1	0.281715987439833	0.278576690782458	1.46364881795721e-06	1.46364881795721e-06	1.46364881795721e-06	ont
HIOv1_HG001_sup-PAW81754_0	chr7	31.1567598182571	31	8.67984894029639	0.278586380320915	1.00505676833088	1	0.279995127106335	0.278586380320915	1.56891293160795e-06	1.56891293160795e-06	1.56891293160795e-06	ont
HIOv1_HG001_sup-PAW81754_0	chr8	31.2657772412793	31	13.370004974528	0.427624263786923	1.00857345939611	1	0.431290483049291	0.427624263786924	1.72249087338211e-06	1.72249087338211e-06	1.72249087338211e-06	ont
HIOv1_HG001_sup-PAW81754_0	chr9	27.9602148925447	30	14.8335701952541	0.530524184176042	0.932007163084823	1	0.4944523398418	0.530524184176039	1.8064269056449e-06	1.8064269056449e-06	1.8064269056449e-06	ont
HIOv1_HG001_sup-PAW81754_0	chr10	31.4637842499988	31	17.2066851728278	0.54687271677527	1.01496078225803	1	0.555054360413799	0.546872716775269	1.86849599898952e-06	1.86849599898952e-06	1.86849599898952e-06	ont
HIOv1_HG001_sup-PAW81754_0	chr11	30.781233378724	31	7.23509253974226	0.235048818568237	0.992943012216902	1	0.23339008192717	0.235048818568237	1.85066399973647e-06	1.85066399973647e-06	1.85066399973647e-06	ont
HIOv1_HG001_sup-PAW81754_0	chr12	31.0996658421831	31	7.34114982423599	0.236052369870758	1.0032150271672	1	0.236811284652774	0.236052369870759	1.87581574537227e-06	1.87581574537227e-06	1.87581574537227e-06	ont
HIOv1_HG001_sup-PAW81754_0	chr13	27.5867728885794	29	20.3894986805803	0.739104162814974	0.951268030640667	1	0.703086161399312	0.739104162814967	2.1859958981973e-06	2.1859958981973e-06	2.1859958981973e-06	ont
HIOv1_HG001_sup-PAW81754_0	chr14	25.858422841128	29	13.5522119814646	0.52409275170138	0.891669753142346	1	0.46731765453326	0.524092751701377	2.33549366497343e-06	2.33549366497343e-06	2.33549366497343e-06	ont
HIOv1_HG001_sup-PAW81754_0	chr15	25.7471879926895	29	14.6081552624699	0.567368959539104	0.887834068713434	1	0.50372949180931	0.567368959539104	2.45119186753367e-06	2.45119186753367e-06	2.45119186753367e-06	ont
HIOv1_HG001_sup-PAW81754_0	chr16	30.448036741871	30	154.342197258798	5.06903609474934	1.01493455806237	1	5.14473990862661	5.06903609474935	2.7673739890091e-06	2.7673739890091e-06	2.7673739890091e-06	ont
HIOv1_HG001_sup-PAW81754_0	chr17	30.6708955174582	31	11.2743668880962	0.367591708617661	0.989383726369619	1	0.363689254454716	0.36759170861766	3.00273428984433e-06	3.00273428984433e-06	3.00273428984433e-06	ont
HIOv1_HG001_sup-PAW81754_0	chr18	30.3137372734478	31	11.3302452551025	0.373766030657885	0.977862492691864	1	0.365491782422663	0.373766030657885	3.11048569612048e-06	3.11048569612048e-06	3.11048569612048e-06	ont
HIOv1_HG001_sup-PAW81754_0	chr19	29.5517979652886	30	11.375509710322	0.384934606134071	0.985059932176287	1	0.379183657010734	0.384934606134071	4.26492703136342e-06	4.26492703136342e-06	4.26492703136342e-06	ont
HIOv1_HG001_sup-PAW81754_0	chr20	33.0728273452072	31	28.3721854412754	0.857869971173995	1.06686539823249	1	0.915231788428241	0.857869971173997	3.87932505950885e-06	3.87932505950885e-06	3.87932505950885e-06	ont
HIOv1_HG001_sup-PAW81754_0	chr21	28.945538428602	28	73.8508901552767	2.55137386155174	1.03376922959293	1	2.63753179125989	2.55137386155175	5.35217298223079e-06	5.35217298223079e-06	5.35217298223079e-06	ont
HIOv1_HG001_sup-PAW81754_0	chr22	22.9804598718971	27	18.2058935037189	0.792233645680128	0.851128143403594	1	0.674292351989591	0.792233645680132	4.91946830386572e-06	4.91946830386572e-06	4.91946830386572e-06	ont
HIOv1_HG005_sup-PAW87816_0	chr1	28.2886470706021	27	133.431565389878	4.71678850730692	1.04772766928156	1	4.94190982925469	4.71678850730689	1.00419169698154e-06	1.00419169698154e-06	1.00419169698154e-06	ont
HIOv1_HG005_sup-PAW87816_0	chr2	28.2082877516763	28	9.03046135209262	0.320135040864222	1.00743884827415	1	0.32251647686045	0.320135040864221	1.03223227868785e-06	1.03223227868785e-06	1.03223227868785e-06	ont
HIOv1_HG005_sup-PAW87816_0	chr3	28.4486090462925	28	7.67540427775635	0.2697989298973	1.0160217516533	1	0.274121581348443	0.269798929897301	1.26074406088688e-06	1.26074406088688e-06	1.26074406088688e-06	ont
HIOv1_HG005_sup-PAW87816_0	chr4	29.0131073009117	28	34.3070169824098	1.18246613941044	1.03618240360399	1	1.22525060651463	1.18246613941043	1.31430500077281e-06	1.31430500077281e-06	1.31430500077281e-06	ont
HIOv1_HG005_sup-PAW87816_0	chr5	28.3045051650258	28	19.3889135175052	0.685011569870614	1.01087518446521	1	0.692461197053732	0.685011569870589	1.37711986947107e-06	1.37711986947107e-06	1.37711986947107e-06	ont
HIOv1_HG005_sup-PAW87816_0	chr6	28.7097347282882	28	10.5042255794205	0.365876789835695	1.02534766886744	1	0.375150913550728	0.365876789835692	1.46364881795721e-06	1.46364881795721e-06	1.46364881795721e-06	ont
HIOv1_HG005_sup-PAW87816_0	chr7	28.3328109899213	28	7.60502780363363	0.268417694465224	1.0118861067829	1	0.271608135844058	0.268417694465223	1.56891293160795e-06	1.56891293160795e-06	1.56891293160795e-06	ont
HIOv1_HG005_sup-PAW87816_0	chr8	28.1383845722693	28	10.6468373738776	0.378374151029627	1.00494230615248	1	0.380244191924198	0.378374151029626	1.72249087338211e-06	1.72249087338211e-06	1.72249087338211e-06	ont
HIOv1_HG005_sup-PAW87816_0	chr9	24.5989981556381	27	12.666787737295	0.514931041384374	0.911074005764375	1	0.469140286566482	0.514931041384373	1.8064269056449e-06	1.8064269056449e-06	1.8064269056449e-06	ont
HIOv1_HG005_sup-PAW87816_0	chr10	28.6190028285293	28	21.7408446435399	0.759664645683154	1.02210724387604	1	0.776458737269285	0.759664645683159	1.86849599898952e-06	1.86849599898952e-06	1.86849599898952e-06	ont
HIOv1_HG005_sup-PAW87816_0	chr11	27.7770786380445	28	7.00857353905077	0.25231499792968	0.992038522787305	1	0.250306197823242	0.25231499792968	1.85066399973647e-06	1.85066399973647e-06	1.85066399973647e-06	ont
HIOv1_HG005_sup-PAW87816_0	chr12	28.4481672717423	28	13.5070216338882	0.474794087958867	1.0160059739908	1	0.482393629781722	0.474794087958868	1.87581574537227e-06	1.87581574537227e-06	1.87581574537227e-06	ont
HIOv1_HG005_sup-PAW87816_0	chr13	25.4401638272766	27	19.0691404374993	0.749568303371288	0.942228289899133	1	0.706264460648122	0.749568303371286	2.1859958981973e-06	2.1859958981973e-06	2.1859958981973e-06	ont
HIOv1_HG005_sup-PAW87816_0	chr14	23.5711865475565	27	12.5502177784068	0.532438948420602	0.873006909168758	1	0.464822880681734	0.532438948420603	2.33549366497343e-06	2.33549366497343e-06	2.33549366497343e-06	ont
HIOv1_HG005_sup-PAW87816_0	chr15	23.7238693142154	26	14.1668012353537	0.597153906376686	0.912456512085206	1	0.544876970590526	0.597153906376686	2.45119186753367e-06	2.45119186753367e-06	2.45119186753367e-06	ont
HIOv1_HG005_sup-PAW87816_0	chr16	26.3194429608245	26	100.927836548047	3.83472540426766	1.01228626772402	1	3.8818398672326	3.83472540426767	2.7673739890091e-06	2.7673739890091e-06	2.7673739890091e-06	ont
HIOv1_HG005_sup-PAW87816_0	chr17	27.4534387012814	27	13.4756316954683	0.490854054462741	1.01679402597338	1	0.499097470202528	0.490854054462739	3.00273428984433e-06	3.00273428984433e-06	3.00273428984433e-06	ont
HIOv1_HG005_sup-PAW87816_0	chr18	27.4636004742869	28	10.9501543178694	0.398715176770855	0.980842874081673	1	0.39107693992391	0.398715176770857	3.11048569612048e-06	3.11048569612048e-06	3.11048569612048e-06	ont
HIOv1_HG005_sup-PAW87816_0	chr19	25.9565497763899	26	9.37784620737152	0.36129016715086	0.998328837553457	1	0.360686392591211	0.361290167150859	4.26492703136342e-06	4.26492703136342e-06	4.26492703136342e-06	ont
HIOv1_HG005_sup-PAW87816_0	chr20	28.9881890069238	28	25.2525523845773	0.871132459449115	1.03529246453299	1	0.901876870877764	0.871132459449117	3.87932505950885e-06	3.87932505950885e-06	3.87932505950885e-06	ont
HIOv1_HG005_sup-PAW87816_0	chr21	28.2104345964461	26	109.75798191565	3.89068738166399	1.08501671524793	1	4.22146084290963	3.890687381664	5.35217298223079e-06	5.35217298223079e-06	5.35217298223079e-06	ont
HIOv1_HG005_sup-PAW87816_0	chr22	20.658318328955	24	27.5642744447013	1.33429420564532	0.860763263706458	1	1.14851143519589	1.33429420564533	4.91946830386572e-06	4.91946830386572e-06	4.91946830386572e-06	ont
