mqc_id	VariantClass	Sample	TgtRegionSize	TN	FN	TP	FP	Fscore	Sensitivity-Recall	Specificity	FDR	PPV	Precision	AltId	ROI	AllVarMeanDP	CovBin	Aligner	SNVCaller	TestGroup	Primary_Tgt_Cov	Secondary_Tgt_Cov	Primary_MeasuredMeanCov	Secondary_MeasuredMeanCov	Primary_MeasuredMedianCov	Secondary_MeasuredMedianCov
I2-HG003-10x-5-D0-PF-ILMN-NOVASEQ-bwa2a-clair3-SNPts	SNPts	I2-HG003-10x-5-D0-PF-ILMN-NOVASEQ			51227.0	0.0	0.0		0.0					HG003	hg38	-1	-2	bwa2a	clair3	ilmn_all_downsamples_a	10	0	11.356877	0.0	11.0	0.0
I2-HG003-10x-5-D0-PF-ILMN-NOVASEQ-bwa2a-clair3-SNPtv	SNPtv	I2-HG003-10x-5-D0-PF-ILMN-NOVASEQ			29645.0	0.0	0.0		0.0					HG003	hg38	-1	-2	bwa2a	clair3	ilmn_all_downsamples_a	10	0	11.356877	0.0	11.0	0.0
I2-HG003-10x-5-D0-PF-ILMN-NOVASEQ-bwa2a-clair3-INS_50	INS_50	I2-HG003-10x-5-D0-PF-ILMN-NOVASEQ			14501.0	0.0	0.0		0.0					HG003	hg38	-1	-2	bwa2a	clair3	ilmn_all_downsamples_a	10	0	11.356877	0.0	11.0	0.0
I2-HG003-10x-5-D0-PF-ILMN-NOVASEQ-bwa2a-clair3-INS_gt50	INS_gt50	I2-HG003-10x-5-D0-PF-ILMN-NOVASEQ			238.0	0.0	0.0		0.0					HG003	hg38	-1	-2	bwa2a	clair3	ilmn_all_downsamples_a	10	0	11.356877	0.0	11.0	0.0
I2-HG003-10x-5-D0-PF-ILMN-NOVASEQ-bwa2a-clair3-DEL_50	DEL_50	I2-HG003-10x-5-D0-PF-ILMN-NOVASEQ			11639.0	0.0	0.0		0.0					HG003	hg38	-1	-2	bwa2a	clair3	ilmn_all_downsamples_a	10	0	11.356877	0.0	11.0	0.0
I2-HG003-10x-5-D0-PF-ILMN-NOVASEQ-bwa2a-clair3-DEL_gt50	DEL_gt50	I2-HG003-10x-5-D0-PF-ILMN-NOVASEQ			137.0	0.0	0.0		0.0					HG003	hg38	-1	-2	bwa2a	clair3	ilmn_all_downsamples_a	10	0	11.356877	0.0	11.0	0.0
I2-HG003-10x-5-D0-PF-ILMN-NOVASEQ-bwa2a-clair3-Indel_50	Indel_50	I2-HG003-10x-5-D0-PF-ILMN-NOVASEQ			2052.0	0.0	0.0		0.0					HG003	hg38	-1	-2	bwa2a	clair3	ilmn_all_downsamples_a	10	0	11.356877	0.0	11.0	0.0
I2-HG003-10x-5-D0-PF-ILMN-NOVASEQ-bwa2a-clair3-Indel_gt50	Indel_gt50	I2-HG003-10x-5-D0-PF-ILMN-NOVASEQ			275.0	0.0	0.0		0.0					HG003	hg38	-1	-2	bwa2a	clair3	ilmn_all_downsamples_a	10	0	11.356877	0.0	11.0	0.0
I2-HG003-10x-5-D0-PF-ILMN-NOVASEQ-bwa2a-clair3-All	All	I2-HG003-10x-5-D0-PF-ILMN-NOVASEQ	3088286401.0	3088176687.0	109714.0	0.0	0.0		0.0	1.0				HG003	hg38	-1	-2	bwa2a	clair3	ilmn_all_downsamples_a	10	0	11.356877	0.0	11.0	0.0
I2-HG003-10x-5-D0-PF-ILMN-NOVASEQ-sent-clair3-SNPts	SNPts	I2-HG003-10x-5-D0-PF-ILMN-NOVASEQ			50597.0	0.0	0.0		0.0					HG003	hg38	-1	-2	sent	clair3	ilmn_all_downsamples_a	10	0	11.355239	0.0	11.0	0.0
I2-HG003-10x-5-D0-PF-ILMN-NOVASEQ-sent-clair3-SNPtv	SNPtv	I2-HG003-10x-5-D0-PF-ILMN-NOVASEQ			29207.0	0.0	0.0		0.0					HG003	hg38	-1	-2	sent	clair3	ilmn_all_downsamples_a	10	0	11.355239	0.0	11.0	0.0
I2-HG003-10x-5-D0-PF-ILMN-NOVASEQ-sent-clair3-INS_50	INS_50	I2-HG003-10x-5-D0-PF-ILMN-NOVASEQ			14477.0	0.0	0.0		0.0					HG003	hg38	-1	-2	sent	clair3	ilmn_all_downsamples_a	10	0	11.355239	0.0	11.0	0.0
I2-HG003-10x-5-D0-PF-ILMN-NOVASEQ-sent-clair3-INS_gt50	INS_gt50	I2-HG003-10x-5-D0-PF-ILMN-NOVASEQ			238.0	0.0	0.0		0.0					HG003	hg38	-1	-2	sent	clair3	ilmn_all_downsamples_a	10	0	11.355239	0.0	11.0	0.0
I2-HG003-10x-5-D0-PF-ILMN-NOVASEQ-sent-clair3-DEL_50	DEL_50	I2-HG003-10x-5-D0-PF-ILMN-NOVASEQ			11594.0	0.0	0.0		0.0					HG003	hg38	-1	-2	sent	clair3	ilmn_all_downsamples_a	10	0	11.355239	0.0	11.0	0.0
I2-HG003-10x-5-D0-PF-ILMN-NOVASEQ-sent-clair3-DEL_gt50	DEL_gt50	I2-HG003-10x-5-D0-PF-ILMN-NOVASEQ			137.0	0.0	0.0		0.0					HG003	hg38	-1	-2	sent	clair3	ilmn_all_downsamples_a	10	0	11.355239	0.0	11.0	0.0
I2-HG003-10x-5-D0-PF-ILMN-NOVASEQ-sent-clair3-Indel_50	Indel_50	I2-HG003-10x-5-D0-PF-ILMN-NOVASEQ			2029.0	0.0	0.0		0.0					HG003	hg38	-1	-2	sent	clair3	ilmn_all_downsamples_a	10	0	11.355239	0.0	11.0	0.0
I2-HG003-10x-5-D0-PF-ILMN-NOVASEQ-sent-clair3-Indel_gt50	Indel_gt50	I2-HG003-10x-5-D0-PF-ILMN-NOVASEQ			269.0	0.0	0.0		0.0					HG003	hg38	-1	-2	sent	clair3	ilmn_all_downsamples_a	10	0	11.355239	0.0	11.0	0.0
I2-HG003-10x-5-D0-PF-ILMN-NOVASEQ-sent-clair3-All	All	I2-HG003-10x-5-D0-PF-ILMN-NOVASEQ	3088286401.0	3088177853.0	108548.0	0.0	0.0		0.0	1.0				HG003	hg38	-1	-2	sent	clair3	ilmn_all_downsamples_a	10	0	11.355239	0.0	11.0	0.0
I2-HG003-15x-6-D0-PF-ILMN-NOVASEQ-bwa2a-clair3-SNPts	SNPts	I2-HG003-15x-6-D0-PF-ILMN-NOVASEQ	3088286401.0	3085963133.0	24761.0	2298507.0	0.0	0.9946425345240736	0.9893421680150547	1.0	0.0	1.0	1.0	HG003	hg38	-1	-2	bwa2a	clair3	ilmn_all_downsamples_a	15	0	16.939829	0.0	17.0	0.0
I2-HG003-15x-6-D0-PF-ILMN-NOVASEQ-bwa2a-clair3-SNPtv	SNPtv	I2-HG003-15x-6-D0-PF-ILMN-NOVASEQ	3088286401.0	3087178596.0	14163.0	1093642.0	0.0	0.9935665042129109	0.9872152590031639	1.0	0.0	1.0	1.0	HG003	hg38	-1	-2	bwa2a	clair3	ilmn_all_downsamples_a	15	0	16.939829	0.0	17.0	0.0
I2-HG003-15x-6-D0-PF-ILMN-NOVASEQ-bwa2a-clair3-INS_50	INS_50	I2-HG003-15x-6-D0-PF-ILMN-NOVASEQ	3088286401.0	3088031030.0	7894.0	247477.0	0.0	0.9843014191167112	0.9690881110227865	1.0	0.0	1.0	1.0	HG003	hg38	-1	-2	bwa2a	clair3	ilmn_all_downsamples_a	15	0	16.939829	0.0	17.0	0.0
I2-HG003-15x-6-D0-PF-ILMN-NOVASEQ-bwa2a-clair3-INS_gt50	INS_gt50	I2-HG003-15x-6-D0-PF-ILMN-NOVASEQ	3088286401.0	3088286164.0	237.0	0.0	0.0		0.0	1.0				HG003	hg38	-1	-2	bwa2a	clair3	ilmn_all_downsamples_a	15	0	16.939829	0.0	17.0	0.0
I2-HG003-15x-6-D0-PF-ILMN-NOVASEQ-bwa2a-clair3-DEL_50	DEL_50	I2-HG003-15x-6-D0-PF-ILMN-NOVASEQ	3088286401.0	3088016620.0	5602.0	264179.0	0.0	0.9895085774215296	0.9792350091370408	1.0	0.0	1.0	1.0	HG003	hg38	-1	-2	bwa2a	clair3	ilmn_all_downsamples_a	15	0	16.939829	0.0	17.0	0.0
I2-HG003-15x-6-D0-PF-ILMN-NOVASEQ-bwa2a-clair3-DEL_gt50	DEL_gt50	I2-HG003-15x-6-D0-PF-ILMN-NOVASEQ	3088286401.0	3088286263.0	137.0	1.0	0.0	0.014388489208633093	0.007246376811594203	1.0	0.0	1.0	1.0	HG003	hg38	-1	-2	bwa2a	clair3	ilmn_all_downsamples_a	15	0	16.939829	0.0	17.0	0.0
I2-HG003-15x-6-D0-PF-ILMN-NOVASEQ-bwa2a-clair3-Indel_50	Indel_50	I2-HG003-15x-6-D0-PF-ILMN-NOVASEQ	3088286401.0	3088244418.0	951.0	41032.0	0.0	0.9885442389929531	0.9773479741800253	1.0	0.0	1.0	1.0	HG003	hg38	-1	-2	bwa2a	clair3	ilmn_all_downsamples_a	15	0	16.939829	0.0	17.0	0.0
I2-HG003-15x-6-D0-PF-ILMN-NOVASEQ-bwa2a-clair3-Indel_gt50	Indel_gt50	I2-HG003-15x-6-D0-PF-ILMN-NOVASEQ	3088286401.0	3088284965.0	170.0	1266.0	0.0	0.9370836417468542	0.8816155988857939	1.0	0.0	1.0	1.0	HG003	hg38	-1	-2	bwa2a	clair3	ilmn_all_downsamples_a	15	0	16.939829	0.0	17.0	0.0
I2-HG003-15x-6-D0-PF-ILMN-NOVASEQ-bwa2a-clair3-All	All	I2-HG003-15x-6-D0-PF-ILMN-NOVASEQ	3088286401.0	3084286382.0	53915.0	3946104.0	0.0	0.9932149300986155	0.9865213140237584	1.0	0.0	1.0	1.0	HG003	hg38	-1	-2	bwa2a	clair3	ilmn_all_downsamples_a	15	0	16.939829	0.0	17.0	0.0
I2-HG003-15x-6-D0-PF-ILMN-NOVASEQ-sent-clair3-SNPts	SNPts	I2-HG003-15x-6-D0-PF-ILMN-NOVASEQ	3088286401.0	3085963145.0	24154.0	2299102.0	0.0	0.9947745284982255	0.9896033842159452	1.0	0.0	1.0	1.0	HG003	hg38	-1	-2	sent	clair3	ilmn_all_downsamples_a	15	0	16.938101	0.0	17.0	0.0
I2-HG003-15x-6-D0-PF-ILMN-NOVASEQ-sent-clair3-SNPtv	SNPtv	I2-HG003-15x-6-D0-PF-ILMN-NOVASEQ	3088286401.0	3087178607.0	13763.0	1094031.0	0.0	0.9937492761686328	0.9875762100173859	1.0	0.0	1.0	1.0	HG003	hg38	-1	-2	sent	clair3	ilmn_all_downsamples_a	15	0	16.938101	0.0	17.0	0.0
I2-HG003-15x-6-D0-PF-ILMN-NOVASEQ-sent-clair3-INS_50	INS_50	I2-HG003-15x-6-D0-PF-ILMN-NOVASEQ	3088286401.0	3088031047.0	7877.0	247477.0	0.0	0.9843346969458924	0.9691526273330358	1.0	0.0	1.0	1.0	HG003	hg38	-1	-2	sent	clair3	ilmn_all_downsamples_a	15	0	16.938101	0.0	17.0	0.0
I2-HG003-15x-6-D0-PF-ILMN-NOVASEQ-sent-clair3-INS_gt50	INS_gt50	I2-HG003-15x-6-D0-PF-ILMN-NOVASEQ	3088286401.0	3088286164.0	237.0	0.0	0.0		0.0	1.0				HG003	hg38	-1	-2	sent	clair3	ilmn_all_downsamples_a	15	0	16.938101	0.0	17.0	0.0
I2-HG003-15x-6-D0-PF-ILMN-NOVASEQ-sent-clair3-DEL_50	DEL_50	I2-HG003-15x-6-D0-PF-ILMN-NOVASEQ	3088286401.0	3088016601.0	5540.0	264260.0	0.0	0.989626633711568	0.979466271312083	1.0	0.0	1.0	1.0	HG003	hg38	-1	-2	sent	clair3	ilmn_all_downsamples_a	15	0	16.938101	0.0	17.0	0.0
I2-HG003-15x-6-D0-PF-ILMN-NOVASEQ-sent-clair3-DEL_gt50	DEL_gt50	I2-HG003-15x-6-D0-PF-ILMN-NOVASEQ	3088286401.0	3088286263.0	136.0	2.0	0.0	0.02857142857142857	0.014492753623188406	1.0	0.0	1.0	1.0	HG003	hg38	-1	-2	sent	clair3	ilmn_all_downsamples_a	15	0	16.938101	0.0	17.0	0.0
I2-HG003-15x-6-D0-PF-ILMN-NOVASEQ-sent-clair3-Indel_50	Indel_50	I2-HG003-15x-6-D0-PF-ILMN-NOVASEQ	3088286401.0	3088244430.0	954.0	41017.0	0.0	0.9885043620764448	0.9772700197755593	1.0	0.0	1.0	1.0	HG003	hg38	-1	-2	sent	clair3	ilmn_all_downsamples_a	15	0	16.938101	0.0	17.0	0.0
I2-HG003-15x-6-D0-PF-ILMN-NOVASEQ-sent-clair3-Indel_gt50	Indel_gt50	I2-HG003-15x-6-D0-PF-ILMN-NOVASEQ	3088286401.0	3088284961.0	171.0	1269.0	0.0	0.93687707641196	0.88125	1.0	0.0	1.0	1.0	HG003	hg38	-1	-2	sent	clair3	ilmn_all_downsamples_a	15	0	16.938101	0.0	17.0	0.0
I2-HG003-15x-6-D0-PF-ILMN-NOVASEQ-sent-clair3-All	All	I2-HG003-15x-6-D0-PF-ILMN-NOVASEQ	3088286401.0	3084286411.0	52832.0	3947158.0	0.0	0.993352080519955	0.9867919669799174	1.0	0.0	1.0	1.0	HG003	hg38	-1	-2	sent	clair3	ilmn_all_downsamples_a	15	0	16.938101	0.0	17.0	0.0
I2-HG003-1x-1-D0-PF-ILMN-NOVASEQ-bwa2a-clair3-SNPts	SNPts	I2-HG003-1x-1-D0-PF-ILMN-NOVASEQ	3088286401.0	3085963262.0	1678878.0	644261.0	0.0	0.43422592168228075	0.2773234834420153	1.0	0.0	1.0	1.0	HG003	hg38	-1	-2	bwa2a	clair3	ilmn_all_downsamples_a	1	0	1.148202	0.0	1.0	0.0
I2-HG003-1x-1-D0-PF-ILMN-NOVASEQ-bwa2a-clair3-SNPtv	SNPtv	I2-HG003-1x-1-D0-PF-ILMN-NOVASEQ	3088286401.0	3087179015.0	828952.0	278434.0	0.0	0.40183284986506185	0.25143355614031604	1.0	0.0	1.0	1.0	HG003	hg38	-1	-2	bwa2a	clair3	ilmn_all_downsamples_a	1	0	1.148202	0.0	1.0	0.0
I2-HG003-1x-1-D0-PF-ILMN-NOVASEQ-bwa2a-clair3-INS_50	INS_50	I2-HG003-1x-1-D0-PF-ILMN-NOVASEQ	3088286401.0	3088029194.0	197426.0	59781.0	0.0	0.3771814705919467	0.2324236898684717	1.0	0.0	1.0	1.0	HG003	hg38	-1	-2	bwa2a	clair3	ilmn_all_downsamples_a	1	0	1.148202	0.0	1.0	0.0
I2-HG003-1x-1-D0-PF-ILMN-NOVASEQ-bwa2a-clair3-INS_gt50	INS_gt50	I2-HG003-1x-1-D0-PF-ILMN-NOVASEQ	3088286401.0	3088286163.0	238.0	0.0	0.0		0.0	1.0				HG003	hg38	-1	-2	bwa2a	clair3	ilmn_all_downsamples_a	1	0	1.148202	0.0	1.0	0.0
I2-HG003-1x-1-D0-PF-ILMN-NOVASEQ-bwa2a-clair3-DEL_50	DEL_50	I2-HG003-1x-1-D0-PF-ILMN-NOVASEQ	3088286401.0	3088015287.0	208579.0	62535.0	0.0	0.3748550123033487	0.2306594273995441	1.0	0.0	1.0	1.0	HG003	hg38	-1	-2	bwa2a	clair3	ilmn_all_downsamples_a	1	0	1.148202	0.0	1.0	0.0
I2-HG003-1x-1-D0-PF-ILMN-NOVASEQ-bwa2a-clair3-DEL_gt50	DEL_gt50	I2-HG003-1x-1-D0-PF-ILMN-NOVASEQ	3088286401.0	3088286263.0	138.0	0.0	0.0		0.0	1.0				HG003	hg38	-1	-2	bwa2a	clair3	ilmn_all_downsamples_a	1	0	1.148202	0.0	1.0	0.0
I2-HG003-1x-1-D0-PF-ILMN-NOVASEQ-bwa2a-clair3-Indel_50	Indel_50	I2-HG003-1x-1-D0-PF-ILMN-NOVASEQ	3088286401.0	3088248093.0	34276.0	4032.0	0.0	0.19045819555975438	0.10525216664926386	1.0	0.0	1.0	1.0	HG003	hg38	-1	-2	bwa2a	clair3	ilmn_all_downsamples_a	1	0	1.148202	0.0	1.0	0.0
I2-HG003-1x-1-D0-PF-ILMN-NOVASEQ-bwa2a-clair3-Indel_gt50	Indel_gt50	I2-HG003-1x-1-D0-PF-ILMN-NOVASEQ	3088286401.0	3088284865.0	1485.0	51.0	0.0	0.06427221172022685	0.033203125	1.0	0.0	1.0	1.0	HG003	hg38	-1	-2	bwa2a	clair3	ilmn_all_downsamples_a	1	0	1.148202	0.0	1.0	0.0
I2-HG003-1x-1-D0-PF-ILMN-NOVASEQ-bwa2a-clair3-All	All	I2-HG003-1x-1-D0-PF-ILMN-NOVASEQ	3088286401.0	3084287335.0	2949972.0	1049094.0	0.0	0.4156342112769801	0.2623347551653311	1.0	0.0	1.0	1.0	HG003	hg38	-1	-2	bwa2a	clair3	ilmn_all_downsamples_a	1	0	1.148202	0.0	1.0	0.0
I2-HG003-20x-7-D0-PF-ILMN-NOVASEQ-bwa2a-clair3-SNPts	SNPts	I2-HG003-20x-7-D0-PF-ILMN-NOVASEQ	3088286401.0	3085963125.0	18030.0	2305246.0	0.0	0.9961045880304771	0.9922394067687179	1.0	0.0	1.0	1.0	HG003	hg38	-1	-2	bwa2a	clair3	ilmn_all_downsamples_a	20	0	22.460535	0.0	22.0	0.0
I2-HG003-20x-7-D0-PF-ILMN-NOVASEQ-bwa2a-clair3-SNPtv	SNPtv	I2-HG003-20x-7-D0-PF-ILMN-NOVASEQ	3088286401.0	3087178607.0	10080.0	1097714.0	0.0	0.9954296243767875	0.9909008353538654	1.0	0.0	1.0	1.0	HG003	hg38	-1	-2	bwa2a	clair3	ilmn_all_downsamples_a	20	0	22.460535	0.0	22.0	0.0
I2-HG003-20x-7-D0-PF-ILMN-NOVASEQ-bwa2a-clair3-INS_50	INS_50	I2-HG003-20x-7-D0-PF-ILMN-NOVASEQ	3088286401.0	3088031118.0	5633.0	249650.0	0.0	0.9888440644600373	0.9779342925302508	1.0	0.0	1.0	1.0	HG003	hg38	-1	-2	bwa2a	clair3	ilmn_all_downsamples_a	20	0	22.460535	0.0	22.0	0.0
I2-HG003-20x-7-D0-PF-ILMN-NOVASEQ-bwa2a-clair3-INS_gt50	INS_gt50	I2-HG003-20x-7-D0-PF-ILMN-NOVASEQ	3088286401.0	3088286164.0	237.0	0.0	0.0		0.0	1.0				HG003	hg38	-1	-2	bwa2a	clair3	ilmn_all_downsamples_a	20	0	22.460535	0.0	22.0	0.0
I2-HG003-20x-7-D0-PF-ILMN-NOVASEQ-bwa2a-clair3-DEL_50	DEL_50	I2-HG003-20x-7-D0-PF-ILMN-NOVASEQ	3088286401.0	3088016944.0	3685.0	265772.0	0.0	0.9931150965287755	0.9863243485973643	1.0	0.0	1.0	1.0	HG003	hg38	-1	-2	bwa2a	clair3	ilmn_all_downsamples_a	20	0	22.460535	0.0	22.0	0.0
I2-HG003-20x-7-D0-PF-ILMN-NOVASEQ-bwa2a-clair3-DEL_gt50	DEL_gt50	I2-HG003-20x-7-D0-PF-ILMN-NOVASEQ	3088286401.0	3088286263.0	136.0	2.0	0.0	0.02857142857142857	0.014492753623188406	1.0	0.0	1.0	1.0	HG003	hg38	-1	-2	bwa2a	clair3	ilmn_all_downsamples_a	20	0	22.460535	0.0	22.0	0.0
I2-HG003-20x-7-D0-PF-ILMN-NOVASEQ-bwa2a-clair3-Indel_50	Indel_50	I2-HG003-20x-7-D0-PF-ILMN-NOVASEQ	3088286401.0	3088244153.0	592.0	41656.0	0.0	0.9929443173150267	0.985987502366976	1.0	0.0	1.0	1.0	HG003	hg38	-1	-2	bwa2a	clair3	ilmn_all_downsamples_a	20	0	22.460535	0.0	22.0	0.0
I2-HG003-20x-7-D0-PF-ILMN-NOVASEQ-bwa2a-clair3-Indel_gt50	Indel_gt50	I2-HG003-20x-7-D0-PF-ILMN-NOVASEQ	3088286401.0	3088284891.0	140.0	1370.0	0.0	0.9513888888888888	0.9072847682119205	1.0	0.0	1.0	1.0	HG003	hg38	-1	-2	bwa2a	clair3	ilmn_all_downsamples_a	20	0	22.460535	0.0	22.0	0.0
I2-HG003-20x-7-D0-PF-ILMN-NOVASEQ-bwa2a-clair3-All	All	I2-HG003-20x-7-D0-PF-ILMN-NOVASEQ	3088286401.0	3084286458.0	38533.0	3961410.0	0.0	0.9951599935337625	0.9903666127242313	1.0	0.0	1.0	1.0	HG003	hg38	-1	-2	bwa2a	clair3	ilmn_all_downsamples_a	20	0	22.460535	0.0	22.0	0.0
I2-HG003-20x-7-D0-PF-ILMN-NOVASEQ-sent-clair3-SNPts	SNPts	I2-HG003-20x-7-D0-PF-ILMN-NOVASEQ	3088286401.0	3085963124.0	17562.0	2305715.0	0.0	0.9962060854717399	0.9924408497135727	1.0	0.0	1.0	1.0	HG003	hg38	-1	-2	sent	clair3	ilmn_all_downsamples_a	20	0	22.458891	0.0	22.0	0.0
I2-HG003-20x-7-D0-PF-ILMN-NOVASEQ-sent-clair3-SNPtv	SNPtv	I2-HG003-20x-7-D0-PF-ILMN-NOVASEQ	3088286401.0	3087178617.0	9666.0	1098118.0	0.0	0.9956181190279532	0.9912744722797946	1.0	0.0	1.0	1.0	HG003	hg38	-1	-2	sent	clair3	ilmn_all_downsamples_a	20	0	22.458891	0.0	22.0	0.0
I2-HG003-20x-7-D0-PF-ILMN-NOVASEQ-sent-clair3-INS_50	INS_50	I2-HG003-20x-7-D0-PF-ILMN-NOVASEQ	3088286401.0	3088031119.0	5617.0	249665.0	0.0	0.9888760602597897	0.9779968818796468	1.0	0.0	1.0	1.0	HG003	hg38	-1	-2	sent	clair3	ilmn_all_downsamples_a	20	0	22.458891	0.0	22.0	0.0
I2-HG003-20x-7-D0-PF-ILMN-NOVASEQ-sent-clair3-INS_gt50	INS_gt50	I2-HG003-20x-7-D0-PF-ILMN-NOVASEQ	3088286401.0	3088286164.0	237.0	0.0	0.0		0.0	1.0				HG003	hg38	-1	-2	sent	clair3	ilmn_all_downsamples_a	20	0	22.458891	0.0	22.0	0.0
I2-HG003-20x-7-D0-PF-ILMN-NOVASEQ-sent-clair3-DEL_50	DEL_50	I2-HG003-20x-7-D0-PF-ILMN-NOVASEQ	3088286401.0	3088016956.0	3681.0	265764.0	0.0	0.9931223129655891	0.9863385848688971	1.0	0.0	1.0	1.0	HG003	hg38	-1	-2	sent	clair3	ilmn_all_downsamples_a	20	0	22.458891	0.0	22.0	0.0
I2-HG003-20x-7-D0-PF-ILMN-NOVASEQ-sent-clair3-DEL_gt50	DEL_gt50	I2-HG003-20x-7-D0-PF-ILMN-NOVASEQ	3088286401.0	3088286263.0	135.0	3.0	0.0	0.042553191489361694	0.021739130434782608	1.0	0.0	1.0	1.0	HG003	hg38	-1	-2	sent	clair3	ilmn_all_downsamples_a	20	0	22.458891	0.0	22.0	0.0
I2-HG003-20x-7-D0-PF-ILMN-NOVASEQ-sent-clair3-Indel_50	Indel_50	I2-HG003-20x-7-D0-PF-ILMN-NOVASEQ	3088286401.0	3088244159.0	596.0	41646.0	0.0	0.9928952889567042	0.9858908195634677	1.0	0.0	1.0	1.0	HG003	hg38	-1	-2	sent	clair3	ilmn_all_downsamples_a	20	0	22.458891	0.0	22.0	0.0
I2-HG003-20x-7-D0-PF-ILMN-NOVASEQ-sent-clair3-Indel_gt50	Indel_gt50	I2-HG003-20x-7-D0-PF-ILMN-NOVASEQ	3088286401.0	3088284893.0	139.0	1369.0	0.0	0.9516857838025722	0.9078249336870027	1.0	0.0	1.0	1.0	HG003	hg38	-1	-2	sent	clair3	ilmn_all_downsamples_a	20	0	22.458891	0.0	22.0	0.0
I2-HG003-20x-7-D0-PF-ILMN-NOVASEQ-sent-clair3-All	All	I2-HG003-20x-7-D0-PF-ILMN-NOVASEQ	3088286401.0	3084286488.0	37633.0	3962280.0	0.0	0.9952735383329694	0.9905915453661117	1.0	0.0	1.0	1.0	HG003	hg38	-1	-2	sent	clair3	ilmn_all_downsamples_a	20	0	22.458891	0.0	22.0	0.0
I2-HG003-30x-8-D0-PF-ILMN-NOVASEQ-bwa2a-clair3-SNPts	SNPts	I2-HG003-30x-8-D0-PF-ILMN-NOVASEQ	3088286401.0	3085963155.0	15230.0	2308016.0	0.0	0.9967114795060181	0.9934445168527138	1.0	0.0	1.0	1.0	HG003	hg38	-1	-2	bwa2a	clair3	ilmn_all_downsamples_a	30	0	33.319843	0.0	33.0	0.0
I2-HG003-30x-8-D0-PF-ILMN-NOVASEQ-bwa2a-clair3-SNPtv	SNPtv	I2-HG003-30x-8-D0-PF-ILMN-NOVASEQ	3088286401.0	3087178577.0	8364.0	1099460.0	0.0	0.9962107277541087	0.9924500642701368	1.0	0.0	1.0	1.0	HG003	hg38	-1	-2	bwa2a	clair3	ilmn_all_downsamples_a	30	0	33.319843	0.0	33.0	0.0
I2-HG003-30x-8-D0-PF-ILMN-NOVASEQ-bwa2a-clair3-INS_50	INS_50	I2-HG003-30x-8-D0-PF-ILMN-NOVASEQ	3088286401.0	3088031086.0	4105.0	251210.0	0.0	0.9918957603277233	0.9839218220629419	1.0	0.0	1.0	1.0	HG003	hg38	-1	-2	bwa2a	clair3	ilmn_all_downsamples_a	30	0	33.319843	0.0	33.0	0.0
I2-HG003-30x-8-D0-PF-ILMN-NOVASEQ-bwa2a-clair3-INS_gt50	INS_gt50	I2-HG003-30x-8-D0-PF-ILMN-NOVASEQ	3088286401.0	3088286166.0	235.0	0.0	0.0		0.0	1.0				HG003	hg38	-1	-2	bwa2a	clair3	ilmn_all_downsamples_a	30	0	33.319843	0.0	33.0	0.0
I2-HG003-30x-8-D0-PF-ILMN-NOVASEQ-bwa2a-clair3-DEL_50	DEL_50	I2-HG003-30x-8-D0-PF-ILMN-NOVASEQ	3088286401.0	3088017126.0	2653.0	266622.0	0.0	0.9950494218105346	0.9901476186055148	1.0	0.0	1.0	1.0	HG003	hg38	-1	-2	bwa2a	clair3	ilmn_all_downsamples_a	30	0	33.319843	0.0	33.0	0.0
I2-HG003-30x-8-D0-PF-ILMN-NOVASEQ-bwa2a-clair3-DEL_gt50	DEL_gt50	I2-HG003-30x-8-D0-PF-ILMN-NOVASEQ	3088286401.0	3088286263.0	135.0	3.0	0.0	0.042553191489361694	0.021739130434782608	1.0	0.0	1.0	1.0	HG003	hg38	-1	-2	bwa2a	clair3	ilmn_all_downsamples_a	30	0	33.319843	0.0	33.0	0.0
I2-HG003-30x-8-D0-PF-ILMN-NOVASEQ-bwa2a-clair3-Indel_50	Indel_50	I2-HG003-30x-8-D0-PF-ILMN-NOVASEQ	3088286401.0	3088244151.0	346.0	41904.0	0.0	0.9958884901490125	0.9918106508875739	1.0	0.0	1.0	1.0	HG003	hg38	-1	-2	bwa2a	clair3	ilmn_all_downsamples_a	30	0	33.319843	0.0	33.0	0.0
I2-HG003-30x-8-D0-PF-ILMN-NOVASEQ-bwa2a-clair3-Indel_gt50	Indel_gt50	I2-HG003-30x-8-D0-PF-ILMN-NOVASEQ	3088286401.0	3088284848.0	89.0	1464.0	0.0	0.9705004971826318	0.9426915647134578	1.0	0.0	1.0	1.0	HG003	hg38	-1	-2	bwa2a	clair3	ilmn_all_downsamples_a	30	0	33.319843	0.0	33.0	0.0
I2-HG003-30x-8-D0-PF-ILMN-NOVASEQ-bwa2a-clair3-All	All	I2-HG003-30x-8-D0-PF-ILMN-NOVASEQ	3088286401.0	3084286565.0	31157.0	3968679.0	0.0	0.996089986653724	0.9922104306276557	1.0	0.0	1.0	1.0	HG003	hg38	-1	-2	bwa2a	clair3	ilmn_all_downsamples_a	30	0	33.319843	0.0	33.0	0.0
I2-HG003-30x-8-D0-PF-ILMN-NOVASEQ-sent-clair3-SNPts	SNPts	I2-HG003-30x-8-D0-PF-ILMN-NOVASEQ	3088286401.0	3085963136.0	14709.0	2308556.0	0.0	0.9968243591451398	0.9936688238319779	1.0	0.0	1.0	1.0	HG003	hg38	-1	-2	sent	clair3	ilmn_all_downsamples_a	30	0	33.318499	0.0	33.0	0.0
I2-HG003-30x-8-D0-PF-ILMN-NOVASEQ-sent-clair3-SNPtv	SNPtv	I2-HG003-30x-8-D0-PF-ILMN-NOVASEQ	3088286401.0	3087178563.0	8014.0	1099824.0	0.0	0.9963699153221824	0.9927660903489499	1.0	0.0	1.0	1.0	HG003	hg38	-1	-2	sent	clair3	ilmn_all_downsamples_a	30	0	33.318499	0.0	33.0	0.0
I2-HG003-30x-8-D0-PF-ILMN-NOVASEQ-sent-clair3-INS_50	INS_50	I2-HG003-30x-8-D0-PF-ILMN-NOVASEQ	3088286401.0	3088031099.0	4061.0	251241.0	0.0	0.9919829116185596	0.9840933482698921	1.0	0.0	1.0	1.0	HG003	hg38	-1	-2	sent	clair3	ilmn_all_downsamples_a	30	0	33.318499	0.0	33.0	0.0
I2-HG003-30x-8-D0-PF-ILMN-NOVASEQ-sent-clair3-INS_gt50	INS_gt50	I2-HG003-30x-8-D0-PF-ILMN-NOVASEQ	3088286401.0	3088286165.0	236.0	0.0	0.0		0.0	1.0				HG003	hg38	-1	-2	sent	clair3	ilmn_all_downsamples_a	30	0	33.318499	0.0	33.0	0.0
I2-HG003-30x-8-D0-PF-ILMN-NOVASEQ-sent-clair3-DEL_50	DEL_50	I2-HG003-30x-8-D0-PF-ILMN-NOVASEQ	3088286401.0	3088017142.0	2623.0	266636.0	0.0	0.9951053844503122	0.9902584500425241	1.0	0.0	1.0	1.0	HG003	hg38	-1	-2	sent	clair3	ilmn_all_downsamples_a	30	0	33.318499	0.0	33.0	0.0
I2-HG003-30x-8-D0-PF-ILMN-NOVASEQ-sent-clair3-DEL_gt50	DEL_gt50	I2-HG003-30x-8-D0-PF-ILMN-NOVASEQ	3088286401.0	3088286263.0	136.0	2.0	0.0	0.02857142857142857	0.014492753623188406	1.0	0.0	1.0	1.0	HG003	hg38	-1	-2	sent	clair3	ilmn_all_downsamples_a	30	0	33.318499	0.0	33.0	0.0
I2-HG003-30x-8-D0-PF-ILMN-NOVASEQ-sent-clair3-Indel_50	Indel_50	I2-HG003-30x-8-D0-PF-ILMN-NOVASEQ	3088286401.0	3088244164.0	351.0	41886.0	0.0	0.9958275382475661	0.9916897506925207	1.0	0.0	1.0	1.0	HG003	hg38	-1	-2	sent	clair3	ilmn_all_downsamples_a	30	0	33.318499	0.0	33.0	0.0
I2-HG003-30x-8-D0-PF-ILMN-NOVASEQ-sent-clair3-Indel_gt50	Indel_gt50	I2-HG003-30x-8-D0-PF-ILMN-NOVASEQ	3088286401.0	3088284846.0	89.0	1466.0	0.0	0.9705395564382654	0.9427652733118971	1.0	0.0	1.0	1.0	HG003	hg38	-1	-2	sent	clair3	ilmn_all_downsamples_a	30	0	33.318499	0.0	33.0	0.0
I2-HG003-30x-8-D0-PF-ILMN-NOVASEQ-sent-clair3-All	All	I2-HG003-30x-8-D0-PF-ILMN-NOVASEQ	3088286401.0	3084286571.0	30219.0	3969611.0	0.0	0.9962081405709635	0.9924449289094787	1.0	0.0	1.0	1.0	HG003	hg38	-1	-2	sent	clair3	ilmn_all_downsamples_a	30	0	33.318499	0.0	33.0	0.0
I2-HG003-3x-2-D0-PF-ILMN-NOVASEQ-bwa2a-clair3-SNPts	SNPts	I2-HG003-3x-2-D0-PF-ILMN-NOVASEQ			519147.0	0.0	0.0		0.0					HG003	hg38	-1	-2	bwa2a	clair3	ilmn_all_downsamples_a	3	0	3.435401	0.0	3.0	0.0
I2-HG003-3x-2-D0-PF-ILMN-NOVASEQ-bwa2a-clair3-SNPtv	SNPtv	I2-HG003-3x-2-D0-PF-ILMN-NOVASEQ			274754.0	0.0	0.0		0.0					HG003	hg38	-1	-2	bwa2a	clair3	ilmn_all_downsamples_a	3	0	3.435401	0.0	3.0	0.0
I2-HG003-3x-2-D0-PF-ILMN-NOVASEQ-bwa2a-clair3-INS_50	INS_50	I2-HG003-3x-2-D0-PF-ILMN-NOVASEQ			83247.0	0.0	0.0		0.0					HG003	hg38	-1	-2	bwa2a	clair3	ilmn_all_downsamples_a	3	0	3.435401	0.0	3.0	0.0
I2-HG003-3x-2-D0-PF-ILMN-NOVASEQ-bwa2a-clair3-INS_gt50	INS_gt50	I2-HG003-3x-2-D0-PF-ILMN-NOVASEQ			238.0	0.0	0.0		0.0					HG003	hg38	-1	-2	bwa2a	clair3	ilmn_all_downsamples_a	3	0	3.435401	0.0	3.0	0.0
I2-HG003-3x-2-D0-PF-ILMN-NOVASEQ-bwa2a-clair3-DEL_50	DEL_50	I2-HG003-3x-2-D0-PF-ILMN-NOVASEQ			84480.0	0.0	0.0		0.0					HG003	hg38	-1	-2	bwa2a	clair3	ilmn_all_downsamples_a	3	0	3.435401	0.0	3.0	0.0
I2-HG003-3x-2-D0-PF-ILMN-NOVASEQ-bwa2a-clair3-DEL_gt50	DEL_gt50	I2-HG003-3x-2-D0-PF-ILMN-NOVASEQ			138.0	0.0	0.0		0.0					HG003	hg38	-1	-2	bwa2a	clair3	ilmn_all_downsamples_a	3	0	3.435401	0.0	3.0	0.0
I2-HG003-3x-2-D0-PF-ILMN-NOVASEQ-bwa2a-clair3-Indel_50	Indel_50	I2-HG003-3x-2-D0-PF-ILMN-NOVASEQ			15890.0	0.0	0.0		0.0					HG003	hg38	-1	-2	bwa2a	clair3	ilmn_all_downsamples_a	3	0	3.435401	0.0	3.0	0.0
I2-HG003-3x-2-D0-PF-ILMN-NOVASEQ-bwa2a-clair3-Indel_gt50	Indel_gt50	I2-HG003-3x-2-D0-PF-ILMN-NOVASEQ			924.0	0.0	0.0		0.0					HG003	hg38	-1	-2	bwa2a	clair3	ilmn_all_downsamples_a	3	0	3.435401	0.0	3.0	0.0
I2-HG003-3x-2-D0-PF-ILMN-NOVASEQ-bwa2a-clair3-All	All	I2-HG003-3x-2-D0-PF-ILMN-NOVASEQ	3088286401.0	3087307583.0	978818.0	0.0	0.0		0.0	1.0				HG003	hg38	-1	-2	bwa2a	clair3	ilmn_all_downsamples_a	3	0	3.435401	0.0	3.0	0.0
I2-HG003-40x-9-D0-PF-ILMN-NOVASEQ-bwa2a-clair3-SNPts	SNPts	I2-HG003-40x-9-D0-PF-ILMN-NOVASEQ	3088286401.0	3085963142.0	15023.0	2308236.0	0.0	0.996756338935916	0.9935336525114075	1.0	0.0	1.0	1.0	HG003	hg38	-1	-2	bwa2a	clair3	ilmn_all_downsamples_a	40	0	43.946189	0.0	44.0	0.0
I2-HG003-40x-9-D0-PF-ILMN-NOVASEQ-bwa2a-clair3-SNPtv	SNPtv	I2-HG003-40x-9-D0-PF-ILMN-NOVASEQ	3088286401.0	3087178608.0	8212.0	1099581.0	0.0	0.99627974235449	0.9925870627454768	1.0	0.0	1.0	1.0	HG003	hg38	-1	-2	bwa2a	clair3	ilmn_all_downsamples_a	40	0	43.946189	0.0	44.0	0.0
I2-HG003-40x-9-D0-PF-ILMN-NOVASEQ-bwa2a-clair3-INS_50	INS_50	I2-HG003-40x-9-D0-PF-ILMN-NOVASEQ	3088286401.0	3088031059.0	3527.0	251815.0	0.0	0.9930455460537861	0.9861871529164806	1.0	0.0	1.0	1.0	HG003	hg38	-1	-2	bwa2a	clair3	ilmn_all_downsamples_a	40	0	43.946189	0.0	44.0	0.0
I2-HG003-40x-9-D0-PF-ILMN-NOVASEQ-bwa2a-clair3-INS_gt50	INS_gt50	I2-HG003-40x-9-D0-PF-ILMN-NOVASEQ	3088286401.0	3088286166.0	235.0	0.0	0.0		0.0	1.0				HG003	hg38	-1	-2	bwa2a	clair3	ilmn_all_downsamples_a	40	0	43.946189	0.0	44.0	0.0
I2-HG003-40x-9-D0-PF-ILMN-NOVASEQ-bwa2a-clair3-DEL_50	DEL_50	I2-HG003-40x-9-D0-PF-ILMN-NOVASEQ	3088286401.0	3088017168.0	2365.0	266868.0	0.0	0.9955885178352587	0.9912157870691929	1.0	0.0	1.0	1.0	HG003	hg38	-1	-2	bwa2a	clair3	ilmn_all_downsamples_a	40	0	43.946189	0.0	44.0	0.0
I2-HG003-40x-9-D0-PF-ILMN-NOVASEQ-bwa2a-clair3-DEL_gt50	DEL_gt50	I2-HG003-40x-9-D0-PF-ILMN-NOVASEQ	3088286401.0	3088286263.0	136.0	2.0	0.0	0.02857142857142857	0.014492753623188406	1.0	0.0	1.0	1.0	HG003	hg38	-1	-2	bwa2a	clair3	ilmn_all_downsamples_a	40	0	43.946189	0.0	44.0	0.0
I2-HG003-40x-9-D0-PF-ILMN-NOVASEQ-bwa2a-clair3-Indel_50	Indel_50	I2-HG003-40x-9-D0-PF-ILMN-NOVASEQ	3088286401.0	3088244172.0	262.0	41967.0	0.0	0.9968882132167798	0.9937957327902626	1.0	0.0	1.0	1.0	HG003	hg38	-1	-2	bwa2a	clair3	ilmn_all_downsamples_a	40	0	43.946189	0.0	44.0	0.0
I2-HG003-40x-9-D0-PF-ILMN-NOVASEQ-bwa2a-clair3-Indel_gt50	Indel_gt50	I2-HG003-40x-9-D0-PF-ILMN-NOVASEQ	3088286401.0	3088284833.0	84.0	1484.0	0.0	0.9724770642201834	0.9464285714285714	1.0	0.0	1.0	1.0	HG003	hg38	-1	-2	bwa2a	clair3	ilmn_all_downsamples_a	40	0	43.946189	0.0	44.0	0.0
I2-HG003-40x-9-D0-PF-ILMN-NOVASEQ-bwa2a-clair3-All	All	I2-HG003-40x-9-D0-PF-ILMN-NOVASEQ	3088286401.0	3084286604.0	29844.0	3969953.0	0.0	0.9962553405062894	0.9925386213350328	1.0	0.0	1.0	1.0	HG003	hg38	-1	-2	bwa2a	clair3	ilmn_all_downsamples_a	40	0	43.946189	0.0	44.0	0.0
I2-HG003-40x-9-D0-PF-ILMN-NOVASEQ-sent-clair3-SNPts	SNPts	I2-HG003-40x-9-D0-PF-ILMN-NOVASEQ	3088286401.0	3085963154.0	14592.0	2308655.0	376436.0	0.9219245985394756	0.9937191353308538	0.9998780315681335	0.1401948760768257	0.8598051239231743	0.8598051239231743	HG003	hg38	-1	-2	sent	clair3	ilmn_all_downsamples_a	40	0	43.94579	0.0	44.0	0.0
I2-HG003-40x-9-D0-PF-ILMN-NOVASEQ-sent-clair3-SNPtv	SNPtv	I2-HG003-40x-9-D0-PF-ILMN-NOVASEQ	3088286401.0	3087178594.0	7891.0	1099916.0	277981.0	0.8849935470997351	0.9928769180913282	0.9999099644016856	0.20174294595314454	0.7982570540468554	0.7982570540468554	HG003	hg38	-1	-2	sent	clair3	ilmn_all_downsamples_a	40	0	43.94579	0.0	44.0	0.0
I2-HG003-40x-9-D0-PF-ILMN-NOVASEQ-sent-clair3-INS_50	INS_50	I2-HG003-40x-9-D0-PF-ILMN-NOVASEQ	3088286401.0	3088031065.0	3527.0	251809.0	162545.0	0.7520166046976959	0.9861868283359965	0.9999473656705092	0.3922853405542121	0.6077146594457878	0.607714659445788	HG003	hg38	-1	-2	sent	clair3	ilmn_all_downsamples_a	40	0	43.94579	0.0	44.0	0.0
I2-HG003-40x-9-D0-PF-ILMN-NOVASEQ-sent-clair3-INS_gt50	INS_gt50	I2-HG003-40x-9-D0-PF-ILMN-NOVASEQ	3088286401.0	3088286166.0	235.0	0.0	0.0		0.0	1.0				HG003	hg38	-1	-2	sent	clair3	ilmn_all_downsamples_a	40	0	43.94579	0.0	44.0	0.0
I2-HG003-40x-9-D0-PF-ILMN-NOVASEQ-sent-clair3-DEL_50	DEL_50	I2-HG003-40x-9-D0-PF-ILMN-NOVASEQ	3088286401.0	3088017169.0	2359.0	266873.0	168882.0	0.7571004855408681	0.9912380400546741	0.9999453135280029	0.3875618179940563	0.6124381820059437	0.6124381820059437	HG003	hg38	-1	-2	sent	clair3	ilmn_all_downsamples_a	40	0	43.94579	0.0	44.0	0.0
I2-HG003-40x-9-D0-PF-ILMN-NOVASEQ-sent-clair3-DEL_gt50	DEL_gt50	I2-HG003-40x-9-D0-PF-ILMN-NOVASEQ	3088286401.0	3088286263.0	136.0	2.0	83.0	0.017937219730941704	0.014492753623188406	0.9999999731242538	0.9764705882352941	0.02352941176470591	0.023529411764705882	HG003	hg38	-1	-2	sent	clair3	ilmn_all_downsamples_a	40	0	43.94579	0.0	44.0	0.0
I2-HG003-40x-9-D0-PF-ILMN-NOVASEQ-sent-clair3-Indel_50	Indel_50	I2-HG003-40x-9-D0-PF-ILMN-NOVASEQ	3088286401.0	3088244159.0	268.0	41974.0	45283.0	0.6482521100549039	0.993655603427868	0.9999853371904251	0.518961229471561	0.481038770528439	0.48103877052843896	HG003	hg38	-1	-2	sent	clair3	ilmn_all_downsamples_a	40	0	43.94579	0.0	44.0	0.0
I2-HG003-40x-9-D0-PF-ILMN-NOVASEQ-sent-clair3-Indel_gt50	Indel_gt50	I2-HG003-40x-9-D0-PF-ILMN-NOVASEQ	3088286401.0	3088284836.0	80.0	1485.0	1806.0	0.6116144975288302	0.9488817891373802	0.9999994152097232	0.5487693710118505	0.4512306289881495	0.4512306289881495	HG003	hg38	-1	-2	sent	clair3	ilmn_all_downsamples_a	40	0	43.94579	0.0	44.0	0.0
I2-HG003-40x-9-D0-PF-ILMN-NOVASEQ-sent-clair3-All	All	I2-HG003-40x-9-D0-PF-ILMN-NOVASEQ	3088286401.0	3084286599.0	29088.0	3970714.0	1033016.0	0.8820347392556611	0.9927276400181809	0.9996651834724098	0.20644918890507682	0.7935508110949232	0.7935508110949232	HG003	hg38	-1	-2	sent	clair3	ilmn_all_downsamples_a	40	0	43.94579	0.0	44.0	0.0
I2-HG003-5x-3-D0-PF-ILMN-NOVASEQ-bwa2a-clair3-SNPts	SNPts	I2-HG003-5x-3-D0-PF-ILMN-NOVASEQ			188656.0	0.0	0.0		0.0					HG003	hg38	-1	-2	bwa2a	clair3	ilmn_all_downsamples_a	5	0	5.713558	0.0	5.0	0.0
I2-HG003-5x-3-D0-PF-ILMN-NOVASEQ-bwa2a-clair3-SNPtv	SNPtv	I2-HG003-5x-3-D0-PF-ILMN-NOVASEQ			105457.0	0.0	0.0		0.0					HG003	hg38	-1	-2	bwa2a	clair3	ilmn_all_downsamples_a	5	0	5.713558	0.0	5.0	0.0
I2-HG003-5x-3-D0-PF-ILMN-NOVASEQ-bwa2a-clair3-INS_50	INS_50	I2-HG003-5x-3-D0-PF-ILMN-NOVASEQ			40828.0	0.0	0.0		0.0					HG003	hg38	-1	-2	bwa2a	clair3	ilmn_all_downsamples_a	5	0	5.713558	0.0	5.0	0.0
I2-HG003-5x-3-D0-PF-ILMN-NOVASEQ-bwa2a-clair3-INS_gt50	INS_gt50	I2-HG003-5x-3-D0-PF-ILMN-NOVASEQ			238.0	0.0	0.0		0.0					HG003	hg38	-1	-2	bwa2a	clair3	ilmn_all_downsamples_a	5	0	5.713558	0.0	5.0	0.0
I2-HG003-5x-3-D0-PF-ILMN-NOVASEQ-bwa2a-clair3-DEL_50	DEL_50	I2-HG003-5x-3-D0-PF-ILMN-NOVASEQ			38141.0	0.0	0.0		0.0					HG003	hg38	-1	-2	bwa2a	clair3	ilmn_all_downsamples_a	5	0	5.713558	0.0	5.0	0.0
I2-HG003-5x-3-D0-PF-ILMN-NOVASEQ-bwa2a-clair3-DEL_gt50	DEL_gt50	I2-HG003-5x-3-D0-PF-ILMN-NOVASEQ			138.0	0.0	0.0		0.0					HG003	hg38	-1	-2	bwa2a	clair3	ilmn_all_downsamples_a	5	0	5.713558	0.0	5.0	0.0
I2-HG003-5x-3-D0-PF-ILMN-NOVASEQ-bwa2a-clair3-Indel_50	Indel_50	I2-HG003-5x-3-D0-PF-ILMN-NOVASEQ			7708.0	0.0	0.0		0.0					HG003	hg38	-1	-2	bwa2a	clair3	ilmn_all_downsamples_a	5	0	5.713558	0.0	5.0	0.0
I2-HG003-5x-3-D0-PF-ILMN-NOVASEQ-bwa2a-clair3-Indel_gt50	Indel_gt50	I2-HG003-5x-3-D0-PF-ILMN-NOVASEQ			605.0	0.0	0.0		0.0					HG003	hg38	-1	-2	bwa2a	clair3	ilmn_all_downsamples_a	5	0	5.713558	0.0	5.0	0.0
I2-HG003-5x-3-D0-PF-ILMN-NOVASEQ-bwa2a-clair3-All	All	I2-HG003-5x-3-D0-PF-ILMN-NOVASEQ	3088286401.0	3087904630.0	381771.0	0.0	0.0		0.0	1.0				HG003	hg38	-1	-2	bwa2a	clair3	ilmn_all_downsamples_a	5	0	5.713558	0.0	5.0	0.0
I2-HG003-5x-3-D0-PF-ILMN-NOVASEQ-sent-clair3-SNPts	SNPts	I2-HG003-5x-3-D0-PF-ILMN-NOVASEQ			188042.0	0.0	0.0		0.0					HG003	hg38	-1	-2	sent	clair3	ilmn_all_downsamples_a	5	0	5.712389	0.0	5.0	0.0
I2-HG003-5x-3-D0-PF-ILMN-NOVASEQ-sent-clair3-SNPtv	SNPtv	I2-HG003-5x-3-D0-PF-ILMN-NOVASEQ			104945.0	0.0	0.0		0.0					HG003	hg38	-1	-2	sent	clair3	ilmn_all_downsamples_a	5	0	5.712389	0.0	5.0	0.0
I2-HG003-5x-3-D0-PF-ILMN-NOVASEQ-sent-clair3-INS_50	INS_50	I2-HG003-5x-3-D0-PF-ILMN-NOVASEQ			40783.0	0.0	0.0		0.0					HG003	hg38	-1	-2	sent	clair3	ilmn_all_downsamples_a	5	0	5.712389	0.0	5.0	0.0
I2-HG003-5x-3-D0-PF-ILMN-NOVASEQ-sent-clair3-INS_gt50	INS_gt50	I2-HG003-5x-3-D0-PF-ILMN-NOVASEQ			238.0	0.0	0.0		0.0					HG003	hg38	-1	-2	sent	clair3	ilmn_all_downsamples_a	5	0	5.712389	0.0	5.0	0.0
I2-HG003-5x-3-D0-PF-ILMN-NOVASEQ-sent-clair3-DEL_50	DEL_50	I2-HG003-5x-3-D0-PF-ILMN-NOVASEQ			38154.0	0.0	0.0		0.0					HG003	hg38	-1	-2	sent	clair3	ilmn_all_downsamples_a	5	0	5.712389	0.0	5.0	0.0
I2-HG003-5x-3-D0-PF-ILMN-NOVASEQ-sent-clair3-DEL_gt50	DEL_gt50	I2-HG003-5x-3-D0-PF-ILMN-NOVASEQ			138.0	0.0	0.0		0.0					HG003	hg38	-1	-2	sent	clair3	ilmn_all_downsamples_a	5	0	5.712389	0.0	5.0	0.0
I2-HG003-5x-3-D0-PF-ILMN-NOVASEQ-sent-clair3-Indel_50	Indel_50	I2-HG003-5x-3-D0-PF-ILMN-NOVASEQ			7716.0	0.0	0.0		0.0					HG003	hg38	-1	-2	sent	clair3	ilmn_all_downsamples_a	5	0	5.712389	0.0	5.0	0.0
I2-HG003-5x-3-D0-PF-ILMN-NOVASEQ-sent-clair3-Indel_gt50	Indel_gt50	I2-HG003-5x-3-D0-PF-ILMN-NOVASEQ			604.0	0.0	0.0		0.0					HG003	hg38	-1	-2	sent	clair3	ilmn_all_downsamples_a	5	0	5.712389	0.0	5.0	0.0
I2-HG003-5x-3-D0-PF-ILMN-NOVASEQ-sent-clair3-All	All	I2-HG003-5x-3-D0-PF-ILMN-NOVASEQ	3088286401.0	3087905781.0	380620.0	0.0	0.0		0.0	1.0				HG003	hg38	-1	-2	sent	clair3	ilmn_all_downsamples_a	5	0	5.712389	0.0	5.0	0.0
I2-HG003-7x-4-D0-PF-ILMN-NOVASEQ-bwa2a-clair3-SNPts	SNPts	I2-HG003-7x-4-D0-PF-ILMN-NOVASEQ			97976.0	0.0	0.0		0.0					HG003	hg38	-1	-2	bwa2a	clair3	ilmn_all_downsamples_a	7	0	7.979116	0.0	8.0	0.0
I2-HG003-7x-4-D0-PF-ILMN-NOVASEQ-bwa2a-clair3-SNPtv	SNPtv	I2-HG003-7x-4-D0-PF-ILMN-NOVASEQ			56684.0	0.0	0.0		0.0					HG003	hg38	-1	-2	bwa2a	clair3	ilmn_all_downsamples_a	7	0	7.979116	0.0	8.0	0.0
I2-HG003-7x-4-D0-PF-ILMN-NOVASEQ-bwa2a-clair3-INS_50	INS_50	I2-HG003-7x-4-D0-PF-ILMN-NOVASEQ			24954.0	0.0	0.0		0.0					HG003	hg38	-1	-2	bwa2a	clair3	ilmn_all_downsamples_a	7	0	7.979116	0.0	8.0	0.0
I2-HG003-7x-4-D0-PF-ILMN-NOVASEQ-bwa2a-clair3-INS_gt50	INS_gt50	I2-HG003-7x-4-D0-PF-ILMN-NOVASEQ			237.0	0.0	0.0		0.0					HG003	hg38	-1	-2	bwa2a	clair3	ilmn_all_downsamples_a	7	0	7.979116	0.0	8.0	0.0
I2-HG003-7x-4-D0-PF-ILMN-NOVASEQ-bwa2a-clair3-DEL_50	DEL_50	I2-HG003-7x-4-D0-PF-ILMN-NOVASEQ			21776.0	0.0	0.0		0.0					HG003	hg38	-1	-2	bwa2a	clair3	ilmn_all_downsamples_a	7	0	7.979116	0.0	8.0	0.0
I2-HG003-7x-4-D0-PF-ILMN-NOVASEQ-bwa2a-clair3-DEL_gt50	DEL_gt50	I2-HG003-7x-4-D0-PF-ILMN-NOVASEQ			136.0	0.0	0.0		0.0					HG003	hg38	-1	-2	bwa2a	clair3	ilmn_all_downsamples_a	7	0	7.979116	0.0	8.0	0.0
I2-HG003-7x-4-D0-PF-ILMN-NOVASEQ-bwa2a-clair3-Indel_50	Indel_50	I2-HG003-7x-4-D0-PF-ILMN-NOVASEQ			4052.0	0.0	0.0		0.0					HG003	hg38	-1	-2	bwa2a	clair3	ilmn_all_downsamples_a	7	0	7.979116	0.0	8.0	0.0
I2-HG003-7x-4-D0-PF-ILMN-NOVASEQ-bwa2a-clair3-Indel_gt50	Indel_gt50	I2-HG003-7x-4-D0-PF-ILMN-NOVASEQ			412.0	0.0	0.0		0.0					HG003	hg38	-1	-2	bwa2a	clair3	ilmn_all_downsamples_a	7	0	7.979116	0.0	8.0	0.0
I2-HG003-7x-4-D0-PF-ILMN-NOVASEQ-bwa2a-clair3-All	All	I2-HG003-7x-4-D0-PF-ILMN-NOVASEQ	3088286401.0	3088080174.0	206227.0	0.0	0.0		0.0	1.0				HG003	hg38	-1	-2	bwa2a	clair3	ilmn_all_downsamples_a	7	0	7.979116	0.0	8.0	0.0
I2-HG003-7x-4-D0-PF-ILMN-NOVASEQ-sent-clair3-SNPts	SNPts	I2-HG003-7x-4-D0-PF-ILMN-NOVASEQ			97319.0	0.0	0.0		0.0					HG003	hg38	-1	-2	sent	clair3	ilmn_all_downsamples_a	7	0	7.977727	0.0	8.0	0.0
I2-HG003-7x-4-D0-PF-ILMN-NOVASEQ-sent-clair3-SNPtv	SNPtv	I2-HG003-7x-4-D0-PF-ILMN-NOVASEQ			56179.0	0.0	0.0		0.0					HG003	hg38	-1	-2	sent	clair3	ilmn_all_downsamples_a	7	0	7.977727	0.0	8.0	0.0
I2-HG003-7x-4-D0-PF-ILMN-NOVASEQ-sent-clair3-INS_50	INS_50	I2-HG003-7x-4-D0-PF-ILMN-NOVASEQ			24897.0	0.0	0.0		0.0					HG003	hg38	-1	-2	sent	clair3	ilmn_all_downsamples_a	7	0	7.977727	0.0	8.0	0.0
I2-HG003-7x-4-D0-PF-ILMN-NOVASEQ-sent-clair3-INS_gt50	INS_gt50	I2-HG003-7x-4-D0-PF-ILMN-NOVASEQ			237.0	0.0	0.0		0.0					HG003	hg38	-1	-2	sent	clair3	ilmn_all_downsamples_a	7	0	7.977727	0.0	8.0	0.0
I2-HG003-7x-4-D0-PF-ILMN-NOVASEQ-sent-clair3-DEL_50	DEL_50	I2-HG003-7x-4-D0-PF-ILMN-NOVASEQ			21850.0	0.0	0.0		0.0					HG003	hg38	-1	-2	sent	clair3	ilmn_all_downsamples_a	7	0	7.977727	0.0	8.0	0.0
I2-HG003-7x-4-D0-PF-ILMN-NOVASEQ-sent-clair3-DEL_gt50	DEL_gt50	I2-HG003-7x-4-D0-PF-ILMN-NOVASEQ			136.0	0.0	0.0		0.0					HG003	hg38	-1	-2	sent	clair3	ilmn_all_downsamples_a	7	0	7.977727	0.0	8.0	0.0
I2-HG003-7x-4-D0-PF-ILMN-NOVASEQ-sent-clair3-Indel_50	Indel_50	I2-HG003-7x-4-D0-PF-ILMN-NOVASEQ			4064.0	0.0	0.0		0.0					HG003	hg38	-1	-2	sent	clair3	ilmn_all_downsamples_a	7	0	7.977727	0.0	8.0	0.0
I2-HG003-7x-4-D0-PF-ILMN-NOVASEQ-sent-clair3-Indel_gt50	Indel_gt50	I2-HG003-7x-4-D0-PF-ILMN-NOVASEQ			413.0	0.0	0.0		0.0					HG003	hg38	-1	-2	sent	clair3	ilmn_all_downsamples_a	7	0	7.977727	0.0	8.0	0.0
I2-HG003-7x-4-D0-PF-ILMN-NOVASEQ-sent-clair3-All	All	I2-HG003-7x-4-D0-PF-ILMN-NOVASEQ	3088286401.0	3088081306.0	205095.0	0.0	0.0		0.0	1.0				HG003	hg38	-1	-2	sent	clair3	ilmn_all_downsamples_a	7	0	7.977727	0.0	8.0	0.0
