[Header],
FileFormatVersion,2
RunName,20260407_ILMN_training_instr_val_2
InstrumentPlatform,NovaSeqXSeries
IndexOrientation,Forward
AnalysisLocation,Cloud

[Reads]
Read1Cycles,151
Read2Cycles,151
Index1Cycles,10
Index2Cycles,10

[BCLConvert_Settings]
SoftwareVersion,4.3.16
OverrideCycles,Y151;I10;I10;Y151
FastqCompressionFormat,gzip

[BCLConvert_Data]
Lane,Sample_ID,Index,Index2
1,Omega_XTR_1-2-200_180,TGGCCAGGGC,ACGTATGATT
2,Omega_XTR_1-2-200_180,TGGCCAGGGC,ACGTATGATT
3,Omega_XTR_1-2-200_180,TGGCCAGGGC,ACGTATGATT
4,Omega_XTR_1-2-200_180,TGGCCAGGGC,ACGTATGATT
1,Beckman_XTR_1-2-200_180,GACTTCGGTG,AAGACATGGA
2,Beckman_XTR_1-2-200_180,GACTTCGGTG,AAGACATGGA
3,Beckman_XTR_1-2-200_180,GACTTCGGTG,AAGACATGGA
4,Beckman_XTR_1-2-200_180,GACTTCGGTG,AAGACATGGA
1,Omega_XTR_3-200_180,GACTGAGGAG,AGCACAGGCA
2,Omega_XTR_3-200_180,GACTGAGGAG,AGCACAGGCA
3,Omega_XTR_3-200_180,GACTGAGGAG,AGCACAGGCA
4,Omega_XTR_3-200_180,GACTGAGGAG,AGCACAGGCA
1,Omega_XTR_4-200_180,CATCTAATCG,CGGCCATGAT
2,Omega_XTR_4-200_180,CATCTAATCG,CGGCCATGAT
3,Omega_XTR_4-200_180,CATCTAATCG,CGGCCATGAT
4,Omega_XTR_4-200_180,CATCTAATCG,CGGCCATGAT
1,Beckman_XTR_3-200_180,TCCTCGGAAC,TCGCTCTTGA
2,Beckman_XTR_3-200_180,TCCTCGGAAC,TCGCTCTTGA
3,Beckman_XTR_3-200_180,TCCTCGGAAC,TCGCTCTTGA
4,Beckman_XTR_3-200_180,TCCTCGGAAC,TCGCTCTTGA
1,Beckman_XTR_4-200_180,GTATAAGACT,GTTTGGTCGA
2,Beckman_XTR_4-200_180,GTATAAGACT,GTTTGGTCGA
3,Beckman_XTR_4-200_180,GTATAAGACT,GTTTGGTCGA
4,Beckman_XTR_4-200_180,GTATAAGACT,GTTTGGTCGA
1,Omega_XTR_5-200_180,AATGGCATTA,TGCTACATCT
2,Omega_XTR_5-200_180,AATGGCATTA,TGCTACATCT
3,Omega_XTR_5-200_180,AATGGCATTA,TGCTACATCT
4,Omega_XTR_5-200_180,AATGGCATTA,TGCTACATCT
1,Beckman_XTR_5-200_180,AATTACAGTT,AGGGTCCGGT
2,Beckman_XTR_5-200_180,AATTACAGTT,AGGGTCCGGT
3,Beckman_XTR_5-200_180,AATTACAGTT,AGGGTCCGGT
4,Beckman_XTR_5-200_180,AATTACAGTT,AGGGTCCGGT
1,Omega_XTR_6-200_180,TGCCACAGGA,TTCAGAATAG
2,Omega_XTR_6-200_180,TGCCACAGGA,TTCAGAATAG
3,Omega_XTR_6-200_180,TGCCACAGGA,TTCAGAATAG
4,Omega_XTR_6-200_180,TGCCACAGGA,TTCAGAATAG
1,Omega_XTR_7-200_180,GACAGTTATA,AACGGGACCA
2,Omega_XTR_7-200_180,GACAGTTATA,AACGGGACCA
3,Omega_XTR_7-200_180,GACAGTTATA,AACGGGACCA
4,Omega_XTR_7-200_180,GACAGTTATA,AACGGGACCA
1,Beckman_XTR_6-200_180,AATAGTTAGA,CGTACCATCT
2,Beckman_XTR_6-200_180,AATAGTTAGA,CGTACCATCT
3,Beckman_XTR_6-200_180,AATAGTTAGA,CGTACCATCT
4,Beckman_XTR_6-200_180,AATAGTTAGA,CGTACCATCT
1,Beckman_XTR_7-200_180,GAAGCGCCTT,CGCGGCGCTA
2,Beckman_XTR_7-200_180,GAAGCGCCTT,CGCGGCGCTA
3,Beckman_XTR_7-200_180,GAAGCGCCTT,CGCGGCGCTA
4,Beckman_XTR_7-200_180,GAAGCGCCTT,CGCGGCGCTA
1,Omega_XTR_8-200_180,GAAACATTAA,CCCTAGCTGG
2,Omega_XTR_8-200_180,GAAACATTAA,CCCTAGCTGG
3,Omega_XTR_8-200_180,GAAACATTAA,CCCTAGCTGG
4,Omega_XTR_8-200_180,GAAACATTAA,CCCTAGCTGG
1,Omega_XTR_9-200_180,TCCCGGAGAG,AGAGGTGGGA
2,Omega_XTR_9-200_180,TCCCGGAGAG,AGAGGTGGGA
3,Omega_XTR_9-200_180,TCCCGGAGAG,AGAGGTGGGA
4,Omega_XTR_9-200_180,TCCCGGAGAG,AGAGGTGGGA
1,Beckman_XTR_8-200_180,GCATATGCAG,GTGAGAGAAA
2,Beckman_XTR_8-200_180,GCATATGCAG,GTGAGAGAAA
3,Beckman_XTR_8-200_180,GCATATGCAG,GTGAGAGAAA
4,Beckman_XTR_8-200_180,GCATATGCAG,GTGAGAGAAA
1,Beckman_XTR_9-200_180,GAAATTGCAT,GCCTCTACGT
2,Beckman_XTR_9-200_180,GAAATTGCAT,GCCTCTACGT
3,Beckman_XTR_9-200_180,GAAATTGCAT,GCCTCTACGT
4,Beckman_XTR_9-200_180,GAAATTGCAT,GCCTCTACGT
1,Omega_XTR_11-200_180,TAATCGCTGT,CATCGATGGA
2,Omega_XTR_11-200_180,TAATCGCTGT,CATCGATGGA
3,Omega_XTR_11-200_180,TAATCGCTGT,CATCGATGGA
4,Omega_XTR_11-200_180,TAATCGCTGT,CATCGATGGA
1,Beckman_XTR_11-200_180,TCACAGTCTT,CCAAACTAAA
2,Beckman_XTR_11-200_180,TCACAGTCTT,CCAAACTAAA
3,Beckman_XTR_11-200_180,TCACAGTCTT,CCAAACTAAA
4,Beckman_XTR_11-200_180,TCACAGTCTT,CCAAACTAAA
1,S2-HG003_1_180,TAATTTCACT,AACCGACTCA
2,S2-HG003_1_180,TAATTTCACT,AACCGACTCA
3,S2-HG003_1_180,TAATTTCACT,AACCGACTCA
4,S2-HG003_1_180,TAATTTCACT,AACCGACTCA
1,NTC_180,CGGACAATTA,AATCTTAAGA
2,NTC_180,CGGACAATTA,AATCTTAAGA
3,NTC_180,CGGACAATTA,AATCTTAAGA
4,NTC_180,CGGACAATTA,AATCTTAAGA
1,S2-HG003-2_180,TCTTATTGGC,GCGTATGCGT
2,S2-HG003-2_180,TCTTATTGGC,GCGTATGCGT
3,S2-HG003-2_180,TCTTATTGGC,GCGTATGCGT
4,S2-HG003-2_180,TCTTATTGGC,GCGTATGCGT
5,Omega_XTR_8-200_220,CGCTGAGTCA,CAAGTTGCGA
6,Omega_XTR_8-200_220,CGCTGAGTCA,CAAGTTGCGA
7,Omega_XTR_8-200_220,CGCTGAGTCA,CAAGTTGCGA
8,Omega_XTR_8-200_220,CGCTGAGTCA,CAAGTTGCGA
5,Omega_XTR_9-200_220,AAACTTCCCA,AACGTGCTGC
6,Omega_XTR_9-200_220,AAACTTCCCA,AACGTGCTGC
7,Omega_XTR_9-200_220,AAACTTCCCA,AACGTGCTGC
8,Omega_XTR_9-200_220,AAACTTCCCA,AACGTGCTGC
5,Beckman_XTR_8-200_220,ACAGAAAGCG,CCCGAGAGGA
6,Beckman_XTR_8-200_220,ACAGAAAGCG,CCCGAGAGGA
7,Beckman_XTR_8-200_220,ACAGAAAGCG,CCCGAGAGGA
8,Beckman_XTR_8-200_220,ACAGAAAGCG,CCCGAGAGGA
5,Beckman_XTR_9-200_220,AATAATCTGC,ACTGAAGTCA
6,Beckman_XTR_9-200_220,AATAATCTGC,ACTGAAGTCA
7,Beckman_XTR_9-200_220,AATAATCTGC,ACTGAAGTCA
8,Beckman_XTR_9-200_220,AATAATCTGC,ACTGAAGTCA
5,Omega_XTR_1-2-200_220,TGAGATAATT,CGCAACTAGA
6,Omega_XTR_1-2-200_220,TGAGATAATT,CGCAACTAGA
7,Omega_XTR_1-2-200_220,TGAGATAATT,CGCAACTAGA
8,Omega_XTR_1-2-200_220,TGAGATAATT,CGCAACTAGA
5,Beckman_XTR_1-2-200_220,AAGCTGACTT,ATCTTGGGCT
6,Beckman_XTR_1-2-200_220,AAGCTGACTT,ATCTTGGGCT
7,Beckman_XTR_1-2-200_220,AAGCTGACTT,ATCTTGGGCT
8,Beckman_XTR_1-2-200_220,AAGCTGACTT,ATCTTGGGCT
5,Omega_XTR_3-200_220,TCCGGGTCAT,GCCACATTTA
6,Omega_XTR_3-200_220,TCCGGGTCAT,GCCACATTTA
7,Omega_XTR_3-200_220,TCCGGGTCAT,GCCACATTTA
8,Omega_XTR_3-200_220,TCCGGGTCAT,GCCACATTTA
5,Omega_XTR_4-200_220,TGCACCCTAG,TACTCGTTAG
6,Omega_XTR_4-200_220,TGCACCCTAG,TACTCGTTAG
7,Omega_XTR_4-200_220,TGCACCCTAG,TACTCGTTAG
8,Omega_XTR_4-200_220,TGCACCCTAG,TACTCGTTAG
5,Beckman_XTR_3-200_220,CGAAAGACAT,ACACTGTGAT
6,Beckman_XTR_3-200_220,CGAAAGACAT,ACACTGTGAT
7,Beckman_XTR_3-200_220,CGAAAGACAT,ACACTGTGAT
8,Beckman_XTR_3-200_220,CGAAAGACAT,ACACTGTGAT
5,Beckman_XTR_4-200_220,CAGAGTATTA,TAGTCTACGT
6,Beckman_XTR_4-200_220,CAGAGTATTA,TAGTCTACGT
7,Beckman_XTR_4-200_220,CAGAGTATTA,TAGTCTACGT
8,Beckman_XTR_4-200_220,CAGAGTATTA,TAGTCTACGT
5,Omega_XTR_5-200_220,AGTGAGCGGG,CTGGCAGAGT
6,Omega_XTR_5-200_220,AGTGAGCGGG,CTGGCAGAGT
7,Omega_XTR_5-200_220,AGTGAGCGGG,CTGGCAGAGT
8,Omega_XTR_5-200_220,AGTGAGCGGG,CTGGCAGAGT
5,Beckman_XTR_5-200_220,GCTTGTAAGT,TGTCCGTATG
6,Beckman_XTR_5-200_220,GCTTGTAAGT,TGTCCGTATG
7,Beckman_XTR_5-200_220,GCTTGTAAGT,TGTCCGTATG
8,Beckman_XTR_5-200_220,GCTTGTAAGT,TGTCCGTATG
5,Omega_XTR_6-200_220,CGTTGCTTTC,AACCGGCTGT
6,Omega_XTR_6-200_220,CGTTGCTTTC,AACCGGCTGT
7,Omega_XTR_6-200_220,CGTTGCTTTC,AACCGGCTGT
8,Omega_XTR_6-200_220,CGTTGCTTTC,AACCGGCTGT
5,Omega_XTR_7-200_220,TTGCGTCCTA,TGTACCGGAG
6,Omega_XTR_7-200_220,TTGCGTCCTA,TGTACCGGAG
7,Omega_XTR_7-200_220,TTGCGTCCTA,TGTACCGGAG
8,Omega_XTR_7-200_220,TTGCGTCCTA,TGTACCGGAG
5,Beckman_XTR_6-200_220,GCGTGGTCTT,TTCGCTTGAC
6,Beckman_XTR_6-200_220,GCGTGGTCTT,TTCGCTTGAC
7,Beckman_XTR_6-200_220,GCGTGGTCTT,TTCGCTTGAC
8,Beckman_XTR_6-200_220,GCGTGGTCTT,TTCGCTTGAC
5,Beckman_XTR_7-200_220,AACGTGGAAC,GCAAATATTC
6,Beckman_XTR_7-200_220,AACGTGGAAC,GCAAATATTC
7,Beckman_XTR_7-200_220,AACGTGGAAC,GCAAATATTC
8,Beckman_XTR_7-200_220,AACGTGGAAC,GCAAATATTC
5,S2-HG003_1_220,TATCTATAAA,ATTGTCGCCT
6,S2-HG003_1_220,TATCTATAAA,ATTGTCGCCT
7,S2-HG003_1_220,TATCTATAAA,ATTGTCGCCT
8,S2-HG003_1_220,TATCTATAAA,ATTGTCGCCT
5,NTC-2_220,TTCGCGCGGC,GTATGAATAT
6,NTC-2_220,TTCGCGCGGC,GTATGAATAT
7,NTC-2_220,TTCGCGCGGC,GTATGAATAT
8,NTC-2_220,TTCGCGCGGC,GTATGAATAT
5,S2-HG003-2_220,CACAACTGCA,CGAGAGAATG
6,S2-HG003-2_220,CACAACTGCA,CGAGAGAATG
7,S2-HG003-2_220,CACAACTGCA,CGAGAGAATG
8,S2-HG003-2_220,CACAACTGCA,CGAGAGAATG
5,Omega_XTR_11-200_220,ACCTACCCTC,CGGTGACCGA
6,Omega_XTR_11-200_220,ACCTACCCTC,CGGTGACCGA
7,Omega_XTR_11-200_220,ACCTACCCTC,CGGTGACCGA
8,Omega_XTR_11-200_220,ACCTACCCTC,CGGTGACCGA
5,Beckman_XTR_11-200_220,CGGCTTGTGA,CTAGTATGGT
6,Beckman_XTR_11-200_220,CGGCTTGTGA,CTAGTATGGT
7,Beckman_XTR_11-200_220,CGGCTTGTGA,CTAGTATGGT
8,Beckman_XTR_11-200_220,CGGCTTGTGA,CTAGTATGGT

[Cloud_DragenGermline_Settings]
SoftwareVersion,4.3.16-1_1
MapAlignOutFormat,cram

[Cloud_DragenGermline_Data]
Sample_ID,ReferenceGenomeDir,VariantCallingMode
Omega_XTR_1-2-200_180,urn:ilmn:ica:region:c39b1feb-3e94-4440-805e-45e0c76462bf:data:fil.fce038ce4f1b42d8f16708dc6df44a32#/genomes/v10/hg38-alt_masked.cnv.hla.methylated_combined.rna-10-r4.0-2.tar.gz,AllVariantCallers
Beckman_XTR_1-2-200_180,urn:ilmn:ica:region:c39b1feb-3e94-4440-805e-45e0c76462bf:data:fil.fce038ce4f1b42d8f16708dc6df44a32#/genomes/v10/hg38-alt_masked.cnv.hla.methylated_combined.rna-10-r4.0-2.tar.gz,AllVariantCallers
Omega_XTR_3-200_180,urn:ilmn:ica:region:c39b1feb-3e94-4440-805e-45e0c76462bf:data:fil.fce038ce4f1b42d8f16708dc6df44a32#/genomes/v10/hg38-alt_masked.cnv.hla.methylated_combined.rna-10-r4.0-2.tar.gz,AllVariantCallers
Omega_XTR_4-200_180,urn:ilmn:ica:region:c39b1feb-3e94-4440-805e-45e0c76462bf:data:fil.fce038ce4f1b42d8f16708dc6df44a32#/genomes/v10/hg38-alt_masked.cnv.hla.methylated_combined.rna-10-r4.0-2.tar.gz,AllVariantCallers
Beckman_XTR_3-200_180,urn:ilmn:ica:region:c39b1feb-3e94-4440-805e-45e0c76462bf:data:fil.fce038ce4f1b42d8f16708dc6df44a32#/genomes/v10/hg38-alt_masked.cnv.hla.methylated_combined.rna-10-r4.0-2.tar.gz,AllVariantCallers
Beckman_XTR_4-200_180,urn:ilmn:ica:region:c39b1feb-3e94-4440-805e-45e0c76462bf:data:fil.fce038ce4f1b42d8f16708dc6df44a32#/genomes/v10/hg38-alt_masked.cnv.hla.methylated_combined.rna-10-r4.0-2.tar.gz,AllVariantCallers
Omega_XTR_5-200_180,urn:ilmn:ica:region:c39b1feb-3e94-4440-805e-45e0c76462bf:data:fil.fce038ce4f1b42d8f16708dc6df44a32#/genomes/v10/hg38-alt_masked.cnv.hla.methylated_combined.rna-10-r4.0-2.tar.gz,AllVariantCallers
Beckman_XTR_5-200_180,urn:ilmn:ica:region:c39b1feb-3e94-4440-805e-45e0c76462bf:data:fil.fce038ce4f1b42d8f16708dc6df44a32#/genomes/v10/hg38-alt_masked.cnv.hla.methylated_combined.rna-10-r4.0-2.tar.gz,AllVariantCallers
Omega_XTR_6-200_180,urn:ilmn:ica:region:c39b1feb-3e94-4440-805e-45e0c76462bf:data:fil.fce038ce4f1b42d8f16708dc6df44a32#/genomes/v10/hg38-alt_masked.cnv.hla.methylated_combined.rna-10-r4.0-2.tar.gz,AllVariantCallers
Omega_XTR_7-200_180,urn:ilmn:ica:region:c39b1feb-3e94-4440-805e-45e0c76462bf:data:fil.fce038ce4f1b42d8f16708dc6df44a32#/genomes/v10/hg38-alt_masked.cnv.hla.methylated_combined.rna-10-r4.0-2.tar.gz,AllVariantCallers
Beckman_XTR_6-200_180,urn:ilmn:ica:region:c39b1feb-3e94-4440-805e-45e0c76462bf:data:fil.fce038ce4f1b42d8f16708dc6df44a32#/genomes/v10/hg38-alt_masked.cnv.hla.methylated_combined.rna-10-r4.0-2.tar.gz,AllVariantCallers
Beckman_XTR_7-200_180,urn:ilmn:ica:region:c39b1feb-3e94-4440-805e-45e0c76462bf:data:fil.fce038ce4f1b42d8f16708dc6df44a32#/genomes/v10/hg38-alt_masked.cnv.hla.methylated_combined.rna-10-r4.0-2.tar.gz,AllVariantCallers
Omega_XTR_8-200_180,urn:ilmn:ica:region:c39b1feb-3e94-4440-805e-45e0c76462bf:data:fil.fce038ce4f1b42d8f16708dc6df44a32#/genomes/v10/hg38-alt_masked.cnv.hla.methylated_combined.rna-10-r4.0-2.tar.gz,AllVariantCallers
Omega_XTR_9-200_180,urn:ilmn:ica:region:c39b1feb-3e94-4440-805e-45e0c76462bf:data:fil.fce038ce4f1b42d8f16708dc6df44a32#/genomes/v10/hg38-alt_masked.cnv.hla.methylated_combined.rna-10-r4.0-2.tar.gz,AllVariantCallers
Beckman_XTR_8-200_180,urn:ilmn:ica:region:c39b1feb-3e94-4440-805e-45e0c76462bf:data:fil.fce038ce4f1b42d8f16708dc6df44a32#/genomes/v10/hg38-alt_masked.cnv.hla.methylated_combined.rna-10-r4.0-2.tar.gz,AllVariantCallers
Beckman_XTR_9-200_180,urn:ilmn:ica:region:c39b1feb-3e94-4440-805e-45e0c76462bf:data:fil.fce038ce4f1b42d8f16708dc6df44a32#/genomes/v10/hg38-alt_masked.cnv.hla.methylated_combined.rna-10-r4.0-2.tar.gz,AllVariantCallers
Omega_XTR_11-200_180,urn:ilmn:ica:region:c39b1feb-3e94-4440-805e-45e0c76462bf:data:fil.fce038ce4f1b42d8f16708dc6df44a32#/genomes/v10/hg38-alt_masked.cnv.hla.methylated_combined.rna-10-r4.0-2.tar.gz,AllVariantCallers
Beckman_XTR_11-200_180,urn:ilmn:ica:region:c39b1feb-3e94-4440-805e-45e0c76462bf:data:fil.fce038ce4f1b42d8f16708dc6df44a32#/genomes/v10/hg38-alt_masked.cnv.hla.methylated_combined.rna-10-r4.0-2.tar.gz,AllVariantCallers
S2-HG003_1_180,urn:ilmn:ica:region:c39b1feb-3e94-4440-805e-45e0c76462bf:data:fil.fce038ce4f1b42d8f16708dc6df44a32#/genomes/v10/hg38-alt_masked.cnv.hla.methylated_combined.rna-10-r4.0-2.tar.gz,AllVariantCallers
NTC_180,urn:ilmn:ica:region:c39b1feb-3e94-4440-805e-45e0c76462bf:data:fil.fce038ce4f1b42d8f16708dc6df44a32#/genomes/v10/hg38-alt_masked.cnv.hla.methylated_combined.rna-10-r4.0-2.tar.gz,AllVariantCallers
S2-HG003-2_180,urn:ilmn:ica:region:c39b1feb-3e94-4440-805e-45e0c76462bf:data:fil.fce038ce4f1b42d8f16708dc6df44a32#/genomes/v10/hg38-alt_masked.cnv.hla.methylated_combined.rna-10-r4.0-2.tar.gz,AllVariantCallers
Omega_XTR_8-200_220,urn:ilmn:ica:region:c39b1feb-3e94-4440-805e-45e0c76462bf:data:fil.fce038ce4f1b42d8f16708dc6df44a32#/genomes/v10/hg38-alt_masked.cnv.hla.methylated_combined.rna-10-r4.0-2.tar.gz,AllVariantCallers
Omega_XTR_9-200_220,urn:ilmn:ica:region:c39b1feb-3e94-4440-805e-45e0c76462bf:data:fil.fce038ce4f1b42d8f16708dc6df44a32#/genomes/v10/hg38-alt_masked.cnv.hla.methylated_combined.rna-10-r4.0-2.tar.gz,AllVariantCallers
Beckman_XTR_8-200_220,urn:ilmn:ica:region:c39b1feb-3e94-4440-805e-45e0c76462bf:data:fil.fce038ce4f1b42d8f16708dc6df44a32#/genomes/v10/hg38-alt_masked.cnv.hla.methylated_combined.rna-10-r4.0-2.tar.gz,AllVariantCallers
Beckman_XTR_9-200_220,urn:ilmn:ica:region:c39b1feb-3e94-4440-805e-45e0c76462bf:data:fil.fce038ce4f1b42d8f16708dc6df44a32#/genomes/v10/hg38-alt_masked.cnv.hla.methylated_combined.rna-10-r4.0-2.tar.gz,AllVariantCallers
Omega_XTR_1-2-200_220,urn:ilmn:ica:region:c39b1feb-3e94-4440-805e-45e0c76462bf:data:fil.fce038ce4f1b42d8f16708dc6df44a32#/genomes/v10/hg38-alt_masked.cnv.hla.methylated_combined.rna-10-r4.0-2.tar.gz,AllVariantCallers
Beckman_XTR_1-2-200_220,urn:ilmn:ica:region:c39b1feb-3e94-4440-805e-45e0c76462bf:data:fil.fce038ce4f1b42d8f16708dc6df44a32#/genomes/v10/hg38-alt_masked.cnv.hla.methylated_combined.rna-10-r4.0-2.tar.gz,AllVariantCallers
Omega_XTR_3-200_220,urn:ilmn:ica:region:c39b1feb-3e94-4440-805e-45e0c76462bf:data:fil.fce038ce4f1b42d8f16708dc6df44a32#/genomes/v10/hg38-alt_masked.cnv.hla.methylated_combined.rna-10-r4.0-2.tar.gz,AllVariantCallers
Omega_XTR_4-200_220,urn:ilmn:ica:region:c39b1feb-3e94-4440-805e-45e0c76462bf:data:fil.fce038ce4f1b42d8f16708dc6df44a32#/genomes/v10/hg38-alt_masked.cnv.hla.methylated_combined.rna-10-r4.0-2.tar.gz,AllVariantCallers
Beckman_XTR_3-200_220,urn:ilmn:ica:region:c39b1feb-3e94-4440-805e-45e0c76462bf:data:fil.fce038ce4f1b42d8f16708dc6df44a32#/genomes/v10/hg38-alt_masked.cnv.hla.methylated_combined.rna-10-r4.0-2.tar.gz,AllVariantCallers
Beckman_XTR_4-200_220,urn:ilmn:ica:region:c39b1feb-3e94-4440-805e-45e0c76462bf:data:fil.fce038ce4f1b42d8f16708dc6df44a32#/genomes/v10/hg38-alt_masked.cnv.hla.methylated_combined.rna-10-r4.0-2.tar.gz,AllVariantCallers
Omega_XTR_5-200_220,urn:ilmn:ica:region:c39b1feb-3e94-4440-805e-45e0c76462bf:data:fil.fce038ce4f1b42d8f16708dc6df44a32#/genomes/v10/hg38-alt_masked.cnv.hla.methylated_combined.rna-10-r4.0-2.tar.gz,AllVariantCallers
Beckman_XTR_5-200_220,urn:ilmn:ica:region:c39b1feb-3e94-4440-805e-45e0c76462bf:data:fil.fce038ce4f1b42d8f16708dc6df44a32#/genomes/v10/hg38-alt_masked.cnv.hla.methylated_combined.rna-10-r4.0-2.tar.gz,AllVariantCallers
Omega_XTR_6-200_220,urn:ilmn:ica:region:c39b1feb-3e94-4440-805e-45e0c76462bf:data:fil.fce038ce4f1b42d8f16708dc6df44a32#/genomes/v10/hg38-alt_masked.cnv.hla.methylated_combined.rna-10-r4.0-2.tar.gz,AllVariantCallers
Omega_XTR_7-200_220,urn:ilmn:ica:region:c39b1feb-3e94-4440-805e-45e0c76462bf:data:fil.fce038ce4f1b42d8f16708dc6df44a32#/genomes/v10/hg38-alt_masked.cnv.hla.methylated_combined.rna-10-r4.0-2.tar.gz,AllVariantCallers
Beckman_XTR_6-200_220,urn:ilmn:ica:region:c39b1feb-3e94-4440-805e-45e0c76462bf:data:fil.fce038ce4f1b42d8f16708dc6df44a32#/genomes/v10/hg38-alt_masked.cnv.hla.methylated_combined.rna-10-r4.0-2.tar.gz,AllVariantCallers
Beckman_XTR_7-200_220,urn:ilmn:ica:region:c39b1feb-3e94-4440-805e-45e0c76462bf:data:fil.fce038ce4f1b42d8f16708dc6df44a32#/genomes/v10/hg38-alt_masked.cnv.hla.methylated_combined.rna-10-r4.0-2.tar.gz,AllVariantCallers
S2-HG003_1_220,urn:ilmn:ica:region:c39b1feb-3e94-4440-805e-45e0c76462bf:data:fil.fce038ce4f1b42d8f16708dc6df44a32#/genomes/v10/hg38-alt_masked.cnv.hla.methylated_combined.rna-10-r4.0-2.tar.gz,AllVariantCallers
NTC-2_220,urn:ilmn:ica:region:c39b1feb-3e94-4440-805e-45e0c76462bf:data:fil.fce038ce4f1b42d8f16708dc6df44a32#/genomes/v10/hg38-alt_masked.cnv.hla.methylated_combined.rna-10-r4.0-2.tar.gz,AllVariantCallers
S2-HG003-2_220,urn:ilmn:ica:region:c39b1feb-3e94-4440-805e-45e0c76462bf:data:fil.fce038ce4f1b42d8f16708dc6df44a32#/genomes/v10/hg38-alt_masked.cnv.hla.methylated_combined.rna-10-r4.0-2.tar.gz,AllVariantCallers
Omega_XTR_11-200_220,urn:ilmn:ica:region:c39b1feb-3e94-4440-805e-45e0c76462bf:data:fil.fce038ce4f1b42d8f16708dc6df44a32#/genomes/v10/hg38-alt_masked.cnv.hla.methylated_combined.rna-10-r4.0-2.tar.gz,AllVariantCallers
Beckman_XTR_11-200_220,urn:ilmn:ica:region:c39b1feb-3e94-4440-805e-45e0c76462bf:data:fil.fce038ce4f1b42d8f16708dc6df44a32#/genomes/v10/hg38-alt_masked.cnv.hla.methylated_combined.rna-10-r4.0-2.tar.gz,AllVariantCallers

[Cloud_Settings]
GeneratedVersion,1.24.0.202603022211
Cloud_Workflow,ica_workflow_1
BCLConvert_Pipeline,urn:ilmn:ica:pipeline:af196a42-5f30-4f02-b070-12209b417a87#BCL_Convert_4-3-16
Cloud_DragenGermline_Pipeline,urn:ilmn:ica:pipeline:15c1d834-3f14-43f6-ba7b-f9c7f6ad6930#DRAGEN_Germline_v4_3_16-1_1_-_Sequencer_Integration_Only

[Cloud_Data]
Sample_ID,ProjectName,LibraryName,LibraryPrepKitName,IndexAdapterKitName
Omega_XTR_1-2-200_180,20260324_ILMN_training_instr_val_2026-03-24T20_50_09_6c85a05,Omega_XTR_1-2-200_180_TGGCCAGGGC_ACGTATGATT,,
Beckman_XTR_1-2-200_180,20260324_ILMN_training_instr_val_2026-03-24T20_50_09_6c85a05,Beckman_XTR_1-2-200_180_GACTTCGGTG_AAGACATGGA,,
Omega_XTR_3-200_180,20260324_ILMN_training_instr_val_2026-03-24T20_50_09_6c85a05,Omega_XTR_3-200_180_GACTGAGGAG_AGCACAGGCA,,
Omega_XTR_4-200_180,20260324_ILMN_training_instr_val_2026-03-24T20_50_09_6c85a05,Omega_XTR_4-200_180_CATCTAATCG_CGGCCATGAT,,
Beckman_XTR_3-200_180,20260324_ILMN_training_instr_val_2026-03-24T20_50_09_6c85a05,Beckman_XTR_3-200_180_TCCTCGGAAC_TCGCTCTTGA,,
Beckman_XTR_4-200_180,20260324_ILMN_training_instr_val_2026-03-24T20_50_09_6c85a05,Beckman_XTR_4-200_180_GTATAAGACT_GTTTGGTCGA,,
Omega_XTR_5-200_180,20260324_ILMN_training_instr_val_2026-03-24T20_50_09_6c85a05,Omega_XTR_5-200_180_AATGGCATTA_TGCTACATCT,,
Beckman_XTR_5-200_180,20260324_ILMN_training_instr_val_2026-03-24T20_50_09_6c85a05,Beckman_XTR_5-200_180_AATTACAGTT_AGGGTCCGGT,,
Omega_XTR_6-200_180,20260324_ILMN_training_instr_val_2026-03-24T20_50_09_6c85a05,Omega_XTR_6-200_180_TGCCACAGGA_TTCAGAATAG,,
Omega_XTR_7-200_180,20260324_ILMN_training_instr_val_2026-03-24T20_50_09_6c85a05,Omega_XTR_7-200_180_GACAGTTATA_AACGGGACCA,,
Beckman_XTR_6-200_180,20260324_ILMN_training_instr_val_2026-03-24T20_50_09_6c85a05,Beckman_XTR_6-200_180_AATAGTTAGA_CGTACCATCT,,
Beckman_XTR_7-200_180,20260324_ILMN_training_instr_val_2026-03-24T20_50_09_6c85a05,Beckman_XTR_7-200_180_GAAGCGCCTT_CGCGGCGCTA,,
Omega_XTR_8-200_180,20260324_ILMN_training_instr_val_2026-03-24T20_50_09_6c85a05,Omega_XTR_8-200_180_GAAACATTAA_CCCTAGCTGG,,
Omega_XTR_9-200_180,20260324_ILMN_training_instr_val_2026-03-24T20_50_09_6c85a05,Omega_XTR_9-200_180_TCCCGGAGAG_AGAGGTGGGA,,
Beckman_XTR_8-200_180,20260324_ILMN_training_instr_val_2026-03-24T20_50_09_6c85a05,Beckman_XTR_8-200_180_GCATATGCAG_GTGAGAGAAA,,
Beckman_XTR_9-200_180,20260324_ILMN_training_instr_val_2026-03-24T20_50_09_6c85a05,Beckman_XTR_9-200_180_GAAATTGCAT_GCCTCTACGT,,
Omega_XTR_11-200_180,20260324_ILMN_training_instr_val_2026-03-24T20_50_09_6c85a05,Omega_XTR_11-200_180_TAATCGCTGT_CATCGATGGA,,
Beckman_XTR_11-200_180,20260324_ILMN_training_instr_val_2026-03-24T20_50_09_6c85a05,Beckman_XTR_11-200_180_TCACAGTCTT_CCAAACTAAA,,
S2-HG003_1_180,20260324_ILMN_training_instr_val_2026-03-24T20_50_09_6c85a05,S2-HG003_1_180_TAATTTCACT_AACCGACTCA,,
NTC_180,20260324_ILMN_training_instr_val_2026-03-24T20_50_09_6c85a05,NTC_180_CGGACAATTA_AATCTTAAGA,,
S2-HG003-2_180,20260324_ILMN_training_instr_val_2026-03-24T20_50_09_6c85a05,S2-HG003-2_180_TCTTATTGGC_GCGTATGCGT,,
Omega_XTR_8-200_220,20260324_ILMN_training_instr_val_2026-03-24T20_50_09_6c85a05,Omega_XTR_8-200_220_CGCTGAGTCA_CAAGTTGCGA,,
Omega_XTR_9-200_220,20260324_ILMN_training_instr_val_2026-03-24T20_50_09_6c85a05,Omega_XTR_9-200_220_AAACTTCCCA_AACGTGCTGC,,
Beckman_XTR_8-200_220,20260324_ILMN_training_instr_val_2026-03-24T20_50_09_6c85a05,Beckman_XTR_8-200_220_ACAGAAAGCG_CCCGAGAGGA,,
Beckman_XTR_9-200_220,20260324_ILMN_training_instr_val_2026-03-24T20_50_09_6c85a05,Beckman_XTR_9-200_220_AATAATCTGC_ACTGAAGTCA,,
Omega_XTR_1-2-200_220,20260324_ILMN_training_instr_val_2026-03-24T20_50_09_6c85a05,Omega_XTR_1-2-200_220_TGAGATAATT_CGCAACTAGA,,
Beckman_XTR_1-2-200_220,20260324_ILMN_training_instr_val_2026-03-24T20_50_09_6c85a05,Beckman_XTR_1-2-200_220_AAGCTGACTT_ATCTTGGGCT,,
Omega_XTR_3-200_220,20260324_ILMN_training_instr_val_2026-03-24T20_50_09_6c85a05,Omega_XTR_3-200_220_TCCGGGTCAT_GCCACATTTA,,
Omega_XTR_4-200_220,20260324_ILMN_training_instr_val_2026-03-24T20_50_09_6c85a05,Omega_XTR_4-200_220_TGCACCCTAG_TACTCGTTAG,,
Beckman_XTR_3-200_220,20260324_ILMN_training_instr_val_2026-03-24T20_50_09_6c85a05,Beckman_XTR_3-200_220_CGAAAGACAT_ACACTGTGAT,,
Beckman_XTR_4-200_220,20260324_ILMN_training_instr_val_2026-03-24T20_50_09_6c85a05,Beckman_XTR_4-200_220_CAGAGTATTA_TAGTCTACGT,,
Omega_XTR_5-200_220,20260324_ILMN_training_instr_val_2026-03-24T20_50_09_6c85a05,Omega_XTR_5-200_220_AGTGAGCGGG_CTGGCAGAGT,,
Beckman_XTR_5-200_220,20260324_ILMN_training_instr_val_2026-03-24T20_50_09_6c85a05,Beckman_XTR_5-200_220_GCTTGTAAGT_TGTCCGTATG,,
Omega_XTR_6-200_220,20260324_ILMN_training_instr_val_2026-03-24T20_50_09_6c85a05,Omega_XTR_6-200_220_CGTTGCTTTC_AACCGGCTGT,,
Omega_XTR_7-200_220,20260324_ILMN_training_instr_val_2026-03-24T20_50_09_6c85a05,Omega_XTR_7-200_220_TTGCGTCCTA_TGTACCGGAG,,
Beckman_XTR_6-200_220,20260324_ILMN_training_instr_val_2026-03-24T20_50_09_6c85a05,Beckman_XTR_6-200_220_GCGTGGTCTT_TTCGCTTGAC,,
Beckman_XTR_7-200_220,20260324_ILMN_training_instr_val_2026-03-24T20_50_09_6c85a05,Beckman_XTR_7-200_220_AACGTGGAAC_GCAAATATTC,,
S2-HG003_1_220,20260324_ILMN_training_instr_val_2026-03-24T20_50_09_6c85a05,S2-HG003_1_220_TATCTATAAA_ATTGTCGCCT,,
NTC-2_220,20260324_ILMN_training_instr_val_2026-03-24T20_50_09_6c85a05,NTC-2_220_TTCGCGCGGC_GTATGAATAT,,
S2-HG003-2_220,20260324_ILMN_training_instr_val_2026-03-24T20_50_09_6c85a05,S2-HG003-2_220_CACAACTGCA_CGAGAGAATG,,
Omega_XTR_11-200_220,20260324_ILMN_training_instr_val_2026-03-24T20_50_09_6c85a05,Omega_XTR_11-200_220_ACCTACCCTC_CGGTGACCGA,,
Beckman_XTR_11-200_220,20260324_ILMN_training_instr_val_2026-03-24T20_50_09_6c85a05,Beckman_XTR_11-200_220_CGGCTTGTGA_CTAGTATGGT,,

