Pb-HG003-35x-9-D0-PF-PACBIO-REVIO-sentmm2-sentdpb-SNPts	SNPts	Pb-HG003-35x-9-D0-PF-PACBIO-REVIO	2528531102.0	2526276418.0	2817.0	2251867.0	2090.0	0.9989116454381709	0.9987506009711339	0.9999991726961246	0.000927258150887528	0.9990727418491124	0.9990727418491124	HG003	giabHC	-1	-2	sentmm2	sentdpb
Pb-HG003-35x-9-D0-PF-PACBIO-REVIO-sentmm2-sentdpb-SNPtv	SNPtv	Pb-HG003-35x-9-D0-PF-PACBIO-REVIO	2528531102.0	2527459524.0	2172.0	1069406.0	1563.0	0.9982567476932828	0.9979730826874011	0.999999381592853	0.0014594259964574138	0.9985405740035426	0.9985405740035426	HG003	giabHC	-1	-2	sentmm2	sentdpb
Pb-HG003-35x-9-D0-PF-PACBIO-REVIO-sentmm2-sentdpb-INS_50	INS_50	Pb-HG003-35x-9-D0-PF-PACBIO-REVIO	2528531102.0	2528308572.0	433.0	222097.0	5019.0	0.9878749060371937	0.9980541949400081	0.999998014882324	0.022098839359622396	0.9779011606403776	0.9779011606403776	HG003	giabHC	-1	-2	sentmm2	sentdpb
Pb-HG003-35x-9-D0-PF-PACBIO-REVIO-sentmm2-sentdpb-INS_gt50	INS_gt50	Pb-HG003-35x-9-D0-PF-PACBIO-REVIO	2528531102.0	2528531101.0	0.0	1.0	5.0	0.2857142857142857	1.0	0.9999999980225673	0.8333333333333334	0.16666666666666663	0.16666666666666666	HG003	giabHC	-1	-2	sentmm2	sentdpb
Pb-HG003-35x-9-D0-PF-PACBIO-REVIO-sentmm2-sentdpb-DEL_50	DEL_50	Pb-HG003-35x-9-D0-PF-PACBIO-REVIO	2528531102.0	2528295308.0	705.0	235089.0	384.0	0.9976892080285699	0.9970101020382198	0.9999998481190309	0.0016307602145468906	0.9983692397854531	0.9983692397854531	HG003	giabHC	-1	-2	sentmm2	sentdpb
Pb-HG003-35x-9-D0-PF-PACBIO-REVIO-sentmm2-sentdpb-DEL_gt50	DEL_gt50	Pb-HG003-35x-9-D0-PF-PACBIO-REVIO	2528531102.0	2528531102.0	0.0	0.0	0.0			1.0				HG003	giabHC	-1	-2	sentmm2	sentdpb
Pb-HG003-35x-9-D0-PF-PACBIO-REVIO-sentmm2-sentdpb-Indel_50	Indel_50	Pb-HG003-35x-9-D0-PF-PACBIO-REVIO	2528531102.0	2528485361.0	14.0	45727.0	77.0	0.9990059533562728	0.9996939288603223	0.999999969546987	0.0016810758885686839	0.9983189241114313	0.9983189241114313	HG003	giabHC	-1	-2	sentmm2	sentdpb
Pb-HG003-35x-9-D0-PF-PACBIO-REVIO-sentmm2-sentdpb-Indel_gt50	Indel_gt50	Pb-HG003-35x-9-D0-PF-PACBIO-REVIO	2528531102.0	2528530605.0	2.0	495.0	1.0	0.9969788519637462	0.9959758551307847	0.9999999996045134	0.0020161290322580645	0.9979838709677419	0.9979838709677419	HG003	giabHC	-1	-2	sentmm2	sentdpb
Pb-HG003-35x-9-D0-PF-PACBIO-REVIO-sentmm2-sentdpb-All	All	Pb-HG003-35x-9-D0-PF-PACBIO-REVIO	2528531102.0	2524700277.0	6143.0	3824682.0	9139.0	0.9980061701479755	0.9983964289676506	0.9999963801774802	0.002383783697778274	0.9976162163022217	0.9976162163022217	HG003	giabHC	-1	-2	sentmm2	sentdpb
Pb-HG003-35x-9-D0-PF-PACBIO-REVIO-sentmm2-sentdpb-SNPts	SNPts	Pb-HG003-35x-9-D0-PF-PACBIO-REVIO	688815815.0	688748110.0	929.0	66776.0	498239.0	0.21107598937918828	0.986278709105679	0.9992771249340343	0.8818155270214065	0.11818447297859347	0.11818447297859348	HG003	hg38_m_giabHC	-1	-2	sentmm2	sentdpb
Pb-HG003-35x-9-D0-PF-PACBIO-REVIO-sentmm2-sentdpb-SNPtv	SNPtv	Pb-HG003-35x-9-D0-PF-PACBIO-REVIO	688815815.0	688780925.0	598.0	34292.0	422456.0	0.1395010149744324	0.9828604184580109	0.999387037249604	0.9249214008599929	0.07507859914000714	0.07507859914000718	HG003	hg38_m_giabHC	-1	-2	sentmm2	sentdpb
Pb-HG003-35x-9-D0-PF-PACBIO-REVIO-sentmm2-sentdpb-INS_50	INS_50	Pb-HG003-35x-9-D0-PF-PACBIO-REVIO	688815815.0	688789664.0	531.0	25620.0	186599.0	0.21495993623358645	0.9796948491453482	0.9997291648348123	0.8792756539235412	0.12072434607645877	0.12072434607645875	HG003	hg38_m_giabHC	-1	-2	sentmm2	sentdpb
Pb-HG003-35x-9-D0-PF-PACBIO-REVIO-sentmm2-sentdpb-INS_gt50	INS_gt50	Pb-HG003-35x-9-D0-PF-PACBIO-REVIO	688815815.0	688815583.0	132.0	100.0	2586.0	0.06854009595613433	0.43103448275862066	0.9999962457436282	0.9627699180938198	0.03723008190618016	0.03723008190618019	HG003	hg38_m_giabHC	-1	-2	sentmm2	sentdpb
Pb-HG003-35x-9-D0-PF-PACBIO-REVIO-sentmm2-sentdpb-DEL_50	DEL_50	Pb-HG003-35x-9-D0-PF-PACBIO-REVIO	688815815.0	688789680.0	506.0	25629.0	175663.0	0.2253822105554749	0.9806389898603406	0.999745033619202	0.8726775033284979	0.12732249667150208	0.12732249667150208	HG003	hg38_m_giabHC	-1	-2	sentmm2	sentdpb
Pb-HG003-35x-9-D0-PF-PACBIO-REVIO-sentmm2-sentdpb-DEL_gt50	DEL_gt50	Pb-HG003-35x-9-D0-PF-PACBIO-REVIO	688815815.0	688815677.0	53.0	85.0	1695.0	0.0886339937434828	0.6159420289855072	0.9999975392606678	0.952247191011236	0.047752808988763995	0.047752808988764044	HG003	hg38_m_giabHC	-1	-2	sentmm2	sentdpb
Pb-HG003-35x-9-D0-PF-PACBIO-REVIO-sentmm2-sentdpb-Indel_50	Indel_50	Pb-HG003-35x-9-D0-PF-PACBIO-REVIO	688815815.0	688804233.0	73.0	11509.0	75499.0	0.2334719545592859	0.993697116214816	0.9998904032206307	0.8677248069143068	0.13227519308569324	0.13227519308569327	HG003	hg38_m_giabHC	-1	-2	sentmm2	sentdpb
Pb-HG003-35x-9-D0-PF-PACBIO-REVIO-sentmm2-sentdpb-Indel_gt50	Indel_gt50	Pb-HG003-35x-9-D0-PF-PACBIO-REVIO	688815815.0	688814588.0	37.0	1190.0	3716.0	0.3880645687265612	0.9698451507742462	0.9999946052536954	0.7574398695474929	0.24256013045250713	0.24256013045250713	HG003	hg38_m_giabHC	-1	-2	sentmm2	sentdpb
Pb-HG003-35x-9-D0-PF-PACBIO-REVIO-sentmm2-sentdpb-All	All	Pb-HG003-35x-9-D0-PF-PACBIO-REVIO	688815815.0	688647755.0	2859.0	165201.0	1366453.0	0.19438682037095653	0.9829882184933952	0.9980196741108264	0.89214208953197	0.10785791046802995	0.10785791046802999	HG003	hg38_m_giabHC	-1	-2	sentmm2	sentdpb
Pb-HG003-35x-9-D0-PF-PACBIO-REVIO-sentmm2-sentdpb-SNPts	SNPts	Pb-HG003-35x-9-D0-PF-PACBIO-REVIO	337668665.0	337403130.0	374.0	265161.0	248.0	0.9988285016875603	0.9985915227747755	0.9999992649747567	0.0009344068965257395	0.9990655931034743	0.9990655931034743	HG003	giabHC_x_clinvar_genes	-1	-2	sentmm2	sentdpb
Pb-HG003-35x-9-D0-PF-PACBIO-REVIO-sentmm2-sentdpb-SNPtv	SNPtv	Pb-HG003-35x-9-D0-PF-PACBIO-REVIO	337668665.0	337548434.0	245.0	119986.0	183.0	0.9982196339434276	0.9979622559905515	0.9999994578558739	0.0015228553121021228	0.9984771446878978	0.9984771446878978	HG003	giabHC_x_clinvar_genes	-1	-2	sentmm2	sentdpb
Pb-HG003-35x-9-D0-PF-PACBIO-REVIO-sentmm2-sentdpb-INS_50	INS_50	Pb-HG003-35x-9-D0-PF-PACBIO-REVIO	337668665.0	337643028.0	50.0	25587.0	637.0	0.986753051425927	0.9980496938019269	0.9999981133956711	0.02429072605247102	0.9757092739475289	0.9757092739475289	HG003	giabHC_x_clinvar_genes	-1	-2	sentmm2	sentdpb
Pb-HG003-35x-9-D0-PF-PACBIO-REVIO-sentmm2-sentdpb-INS_gt50	INS_gt50	Pb-HG003-35x-9-D0-PF-PACBIO-REVIO	337668665.0	337668665.0	0.0	0.0	0.0			1.0				HG003	giabHC_x_clinvar_genes	-1	-2	sentmm2	sentdpb
Pb-HG003-35x-9-D0-PF-PACBIO-REVIO-sentmm2-sentdpb-DEL_50	DEL_50	Pb-HG003-35x-9-D0-PF-PACBIO-REVIO	337668665.0	337641485.0	83.0	27097.0	44.0	0.9976620459858987	0.9969462840323767	0.9999998696842769	0.0016211635532957518	0.9983788364467042	0.9983788364467042	HG003	giabHC_x_clinvar_genes	-1	-2	sentmm2	sentdpb
Pb-HG003-35x-9-D0-PF-PACBIO-REVIO-sentmm2-sentdpb-DEL_gt50	DEL_gt50	Pb-HG003-35x-9-D0-PF-PACBIO-REVIO	337668665.0	337668665.0	0.0	0.0	0.0			1.0				HG003	giabHC_x_clinvar_genes	-1	-2	sentmm2	sentdpb
Pb-HG003-35x-9-D0-PF-PACBIO-REVIO-sentmm2-sentdpb-Indel_50	Indel_50	Pb-HG003-35x-9-D0-PF-PACBIO-REVIO	337668665.0	337664046.0	1.0	4618.0	14.0	0.9983785536698736	0.9997835029227106	0.9999999585386731	0.0030224525043177895	0.9969775474956822	0.9969775474956822	HG003	giabHC_x_clinvar_genes	-1	-2	sentmm2	sentdpb
Pb-HG003-35x-9-D0-PF-PACBIO-REVIO-sentmm2-sentdpb-Indel_gt50	Indel_gt50	Pb-HG003-35x-9-D0-PF-PACBIO-REVIO	337668665.0	337668616.0	0.0	49.0	0.0	1.0	1.0	1.0	0.0	1.0	1.0	HG003	giabHC_x_clinvar_genes	-1	-2	sentmm2	sentdpb
Pb-HG003-35x-9-D0-PF-PACBIO-REVIO-sentmm2-sentdpb-All	All	Pb-HG003-35x-9-D0-PF-PACBIO-REVIO	337668665.0	337225414.0	753.0	442498.0	1126.0	0.9978813248766737	0.9983011882657907	0.9999966609982713	0.0025381854904153065	0.9974618145095847	0.9974618145095847	HG003	giabHC_x_clinvar_genes	-1	-2	sentmm2	sentdpb
Pb-HG003-35x-9-D0-PF-PACBIO-REVIO-sentmm2-sentdpb-SNPts	SNPts	Pb-HG003-35x-9-D0-PF-PACBIO-REVIO	332544085.0	332287254.0	214.0	256617.0	173.0	0.9992465261350295	0.9991667672516168	0.9999994793663981	0.0006737022469722341	0.9993262977530277	0.9993262977530277	HG003	giabHC_x_ultima_x_clinvar	-1	-2	sentmm2	sentdpb
Pb-HG003-35x-9-D0-PF-PACBIO-REVIO-sentmm2-sentdpb-SNPtv	SNPtv	Pb-HG003-35x-9-D0-PF-PACBIO-REVIO	332544085.0	332429477.0	172.0	114436.0	141.0	0.9986342910748959	0.9984992321652939	0.9999995758500676	0.001230613473908376	0.9987693865260916	0.9987693865260916	HG003	giabHC_x_ultima_x_clinvar	-1	-2	sentmm2	sentdpb
Pb-HG003-35x-9-D0-PF-PACBIO-REVIO-sentmm2-sentdpb-INS_50	INS_50	Pb-HG003-35x-9-D0-PF-PACBIO-REVIO	332544085.0	332526795.0	20.0	17270.0	70.0	0.9974010973144671	0.9988432620011567	0.9999997894906927	0.004036908881199538	0.9959630911188004	0.9959630911188004	HG003	giabHC_x_ultima_x_clinvar	-1	-2	sentmm2	sentdpb
Pb-HG003-35x-9-D0-PF-PACBIO-REVIO-sentmm2-sentdpb-INS_gt50	INS_gt50	Pb-HG003-35x-9-D0-PF-PACBIO-REVIO	332544085.0	332544085.0	0.0	0.0	0.0			1.0				HG003	giabHC_x_ultima_x_clinvar	-1	-2	sentmm2	sentdpb
Pb-HG003-35x-9-D0-PF-PACBIO-REVIO-sentmm2-sentdpb-DEL_50	DEL_50	Pb-HG003-35x-9-D0-PF-PACBIO-REVIO	332544085.0	332525403.0	29.0	18653.0	16.0	0.9987952129795723	0.9984477036719838	0.9999999518833776	0.0008570357276768975	0.9991429642723231	0.9991429642723231	HG003	giabHC_x_ultima_x_clinvar	-1	-2	sentmm2	sentdpb
Pb-HG003-35x-9-D0-PF-PACBIO-REVIO-sentmm2-sentdpb-DEL_gt50	DEL_gt50	Pb-HG003-35x-9-D0-PF-PACBIO-REVIO	332544085.0	332544085.0	0.0	0.0	0.0			1.0				HG003	giabHC_x_ultima_x_clinvar	-1	-2	sentmm2	sentdpb
Pb-HG003-35x-9-D0-PF-PACBIO-REVIO-sentmm2-sentdpb-Indel_50	Indel_50	Pb-HG003-35x-9-D0-PF-PACBIO-REVIO	332544085.0	332542333.0	0.0	1752.0	3.0	0.9991445680068435	1.0	0.9999999909785923	0.0017094017094017094	0.9982905982905983	0.9982905982905983	HG003	giabHC_x_ultima_x_clinvar	-1	-2	sentmm2	sentdpb
Pb-HG003-35x-9-D0-PF-PACBIO-REVIO-sentmm2-sentdpb-Indel_gt50	Indel_gt50	Pb-HG003-35x-9-D0-PF-PACBIO-REVIO	332544085.0	332544053.0	0.0	32.0	0.0	1.0	1.0	1.0	0.0	1.0	1.0	HG003	giabHC_x_ultima_x_clinvar	-1	-2	sentmm2	sentdpb
Pb-HG003-35x-9-D0-PF-PACBIO-REVIO-sentmm2-sentdpb-All	All	Pb-HG003-35x-9-D0-PF-PACBIO-REVIO	332544085.0	332134890.0	435.0	408760.0	403.0	0.9989759982794817	0.9989369371571012	0.9999987866390339	0.0009849375432284932	0.9990150624567715	0.9990150624567715	HG003	giabHC_x_ultima_x_clinvar	-1	-2	sentmm2	sentdpb
Pb-HG003-35x-9-D0-PF-PACBIO-REVIO-sentmm2-sentdpb-SNPts	SNPts	Pb-HG003-35x-9-D0-PF-PACBIO-REVIO	2799325643.0	2797071500.0	2148.0	2251995.0	180041.0	0.9611220570106264	0.9990470879620326	0.999935636464093	0.07402892062453023	0.9259710793754697	0.9259710793754697	HG003	ultima	-1	-2	sentmm2	sentdpb
Pb-HG003-35x-9-D0-PF-PACBIO-REVIO-sentmm2-sentdpb-SNPtv	SNPtv	Pb-HG003-35x-9-D0-PF-PACBIO-REVIO	2799325643.0	2798266935.0	1949.0	1056759.0	110335.0	0.94955346432432	0.9981590769126143	0.9999605717923802	0.09453822914006926	0.9054617708599307	0.9054617708599307	HG003	ultima	-1	-2	sentmm2	sentdpb
Pb-HG003-35x-9-D0-PF-PACBIO-REVIO-sentmm2-sentdpb-INS_50	INS_50	Pb-HG003-35x-9-D0-PF-PACBIO-REVIO	2799325643.0	2799163853.0	246.0	161544.0	29289.0	0.9162419921559285	0.9984795104765437	0.9999895366276944	0.15347974406942194	0.846520255930578	0.846520255930578	HG003	ultima	-1	-2	sentmm2	sentdpb
Pb-HG003-35x-9-D0-PF-PACBIO-REVIO-sentmm2-sentdpb-INS_gt50	INS_gt50	Pb-HG003-35x-9-D0-PF-PACBIO-REVIO	2799325643.0	2799325546.0	54.0	43.0	452.0	0.14527027027027026	0.44329896907216493	0.9999998385325609	0.9131313131313131	0.08686868686868687	0.08686868686868687	HG003	ultima	-1	-2	sentmm2	sentdpb
Pb-HG003-35x-9-D0-PF-PACBIO-REVIO-sentmm2-sentdpb-DEL_50	DEL_50	Pb-HG003-35x-9-D0-PF-PACBIO-REVIO	2799325643.0	2799151242.0	379.0	174022.0	36599.0	0.9039587348255425	0.9978268473231231	0.9999869251361184	0.17376709824756315	0.8262329017524368	0.8262329017524368	HG003	ultima	-1	-2	sentmm2	sentdpb
Pb-HG003-35x-9-D0-PF-PACBIO-REVIO-sentmm2-sentdpb-DEL_gt50	DEL_gt50	Pb-HG003-35x-9-D0-PF-PACBIO-REVIO	2799325643.0	2799325554.0	37.0	52.0	528.0	0.15545590433482812	0.5842696629213483	0.9999998113831742	0.9103448275862069	0.08965517241379306	0.0896551724137931	HG003	ultima	-1	-2	sentmm2	sentdpb
Pb-HG003-35x-9-D0-PF-PACBIO-REVIO-sentmm2-sentdpb-Indel_50	Indel_50	Pb-HG003-35x-9-D0-PF-PACBIO-REVIO	2799325643.0	2799302924.0	9.0	22710.0	6022.0	0.8827816757691783	0.9996038558035125	0.9999978487547762	0.2095920924404845	0.7904079075595155	0.7904079075595155	HG003	ultima	-1	-2	sentmm2	sentdpb
Pb-HG003-35x-9-D0-PF-PACBIO-REVIO-sentmm2-sentdpb-Indel_gt50	Indel_gt50	Pb-HG003-35x-9-D0-PF-PACBIO-REVIO	2799325643.0	2799324686.0	11.0	946.0	526.0	0.7789213668176205	0.9885057471264368	0.9999998120975735	0.35733695652173914	0.6426630434782609	0.6426630434782609	HG003	ultima	-1	-2	sentmm2	sentdpb
Pb-HG003-35x-9-D0-PF-PACBIO-REVIO-sentmm2-sentdpb-All	All	Pb-HG003-35x-9-D0-PF-PACBIO-REVIO	2799325643.0	2795652739.0	4833.0	3668071.0	363792.0	0.9521562430116316	0.9986841474756759	0.9998698891812811	0.09022925630161541	0.9097707436983846	0.9097707436983846	HG003	ultima	-1	-2	sentmm2	sentdpb
Pb-HG003-35x-9-D0-PF-PACBIO-REVIO-sentmm2-sentdpb-SNPts	SNPts	Pb-HG003-35x-9-D0-PF-PACBIO-REVIO	3088286401.0	3085964050.0	3746.0	2318605.0	500329.0	0.9019554449908923	0.9983869794014772	0.9998378957478323	0.17748872446109062	0.8225112755389093	0.8225112755389093	HG003	hg38	-1	-2	sentmm2	sentdpb
Pb-HG003-35x-9-D0-PF-PACBIO-REVIO-sentmm2-sentdpb-SNPtv	SNPtv	Pb-HG003-35x-9-D0-PF-PACBIO-REVIO	3088286401.0	3087179948.0	2770.0	1103683.0	424019.0	0.8379787825697426	0.9974965045962187	0.999862670535298	0.27755347574330597	0.722446524256694	0.7224465242566941	HG003	hg38	-1	-2	sentmm2	sentdpb
Pb-HG003-35x-9-D0-PF-PACBIO-REVIO-sentmm2-sentdpb-INS_50	INS_50	Pb-HG003-35x-9-D0-PF-PACBIO-REVIO	3088286401.0	3088037651.0	964.0	247786.0	191618.0	0.7201469438526842	0.9961246231155779	0.9999379521456119	0.4360861530618747	0.5639138469381253	0.5639138469381253	HG003	hg38	-1	-2	sentmm2	sentdpb
Pb-HG003-35x-9-D0-PF-PACBIO-REVIO-sentmm2-sentdpb-INS_gt50	INS_gt50	Pb-HG003-35x-9-D0-PF-PACBIO-REVIO	3088286401.0	3088286168.0	132.0	101.0	2591.0	0.06905982905982906	0.4334763948497854	0.9999991610240485	0.962481426448737	0.03751857355126298	0.037518573551263	HG003	hg38	-1	-2	sentmm2	sentdpb
Pb-HG003-35x-9-D0-PF-PACBIO-REVIO-sentmm2-sentdpb-DEL_50	DEL_50	Pb-HG003-35x-9-D0-PF-PACBIO-REVIO	3088286401.0	3088024673.0	1208.0	260520.0	176041.0	0.7461667017524263	0.9953845213351266	0.9999429956093198	0.40324490735544405	0.596755092644556	0.596755092644556	HG003	hg38	-1	-2	sentmm2	sentdpb
Pb-HG003-35x-9-D0-PF-PACBIO-REVIO-sentmm2-sentdpb-DEL_gt50	DEL_gt50	Pb-HG003-35x-9-D0-PF-PACBIO-REVIO	3088286401.0	3088286263.0	53.0	85.0	1695.0	0.0886339937434828	0.6159420289855072	0.9999994511522167	0.952247191011236	0.047752808988763995	0.047752808988764044	HG003	hg38	-1	-2	sentmm2	sentdpb
Pb-HG003-35x-9-D0-PF-PACBIO-REVIO-sentmm2-sentdpb-Indel_50	Indel_50	Pb-HG003-35x-9-D0-PF-PACBIO-REVIO	3088286401.0	3088229079.0	86.0	57236.0	75576.0	0.6020596000715285	0.9984997034297477	0.9999755283210555	0.5690449658163419	0.4309550341836581	0.4309550341836581	HG003	hg38	-1	-2	sentmm2	sentdpb
Pb-HG003-35x-9-D0-PF-PACBIO-REVIO-sentmm2-sentdpb-Indel_gt50	Indel_gt50	Pb-HG003-35x-9-D0-PF-PACBIO-REVIO	3088286401.0	3088284678.0	38.0	1685.0	3717.0	0.4729824561403509	0.9779454439930354	0.999998796420695	0.6880784894483525	0.3119215105516475	0.3119215105516475	HG003	hg38	-1	-2	sentmm2	sentdpb
Pb-HG003-35x-9-D0-PF-PACBIO-REVIO-sentmm2-sentdpb-All	All	Pb-HG003-35x-9-D0-PF-PACBIO-REVIO	3088286401.0	3084287703.0	8997.0	3989701.0	1375586.0	0.8521374179903107	0.9977500176307388	0.9995542008731465	0.2563862846479601	0.7436137153520399	0.7436137153520399	HG003	hg38	-1	-2	sentmm2	sentdpb
Pb-HG003-35x-9-D0-PF-PACBIO-REVIO-sentmm2-sentdpb-SNPts	SNPts	Pb-HG003-35x-9-D0-PF-PACBIO-REVIO	377862616.0	377589417.0	547.0	272652.0	45836.0	0.9216088911874015	0.9979977964780252	0.9998786236199193	0.14391751023586447	0.8560824897641355	0.8560824897641356	HG003	clinvar_genes	-1	-2	sentmm2	sentdpb
Pb-HG003-35x-9-D0-PF-PACBIO-REVIO-sentmm2-sentdpb-SNPtv	SNPtv	Pb-HG003-35x-9-D0-PF-PACBIO-REVIO	377862616.0	377738333.0	351.0	123932.0	27939.0	0.8975571601352867	0.997175800391043	0.9999260415710167	0.1839653390048133	0.8160346609951867	0.8160346609951867	HG003	clinvar_genes	-1	-2	sentmm2	sentdpb
Pb-HG003-35x-9-D0-PF-PACBIO-REVIO-sentmm2-sentdpb-INS_50	INS_50	Pb-HG003-35x-9-D0-PF-PACBIO-REVIO	377862616.0	377834221.0	111.0	28284.0	20311.0	0.734744772048318	0.9960908610670893	0.99994624650949	0.41796481119456735	0.5820351888054327	0.5820351888054327	HG003	clinvar_genes	-1	-2	sentmm2	sentdpb
Pb-HG003-35x-9-D0-PF-PACBIO-REVIO-sentmm2-sentdpb-INS_gt50	INS_gt50	Pb-HG003-35x-9-D0-PF-PACBIO-REVIO	377862616.0	377862586.0	14.0	16.0	341.0	0.082687338501292	0.5333333333333333	0.9999990975563474	0.9551820728291317	0.0448179271708683	0.04481792717086835	HG003	clinvar_genes	-1	-2	sentmm2	sentdpb
Pb-HG003-35x-9-D0-PF-PACBIO-REVIO-sentmm2-sentdpb-DEL_50	DEL_50	Pb-HG003-35x-9-D0-PF-PACBIO-REVIO	377862616.0	377832694.0	149.0	29773.0	17915.0	0.7672464888545291	0.9950203863378116	0.9999525870818432	0.37567102835094784	0.6243289716490521	0.6243289716490522	HG003	clinvar_genes	-1	-2	sentmm2	sentdpb
Pb-HG003-35x-9-D0-PF-PACBIO-REVIO-sentmm2-sentdpb-DEL_gt50	DEL_gt50	Pb-HG003-35x-9-D0-PF-PACBIO-REVIO	377862616.0	377862598.0	9.0	9.0	224.0	0.07171314741035857	0.5	0.9999994071922746	0.9613733905579399	0.03862660944206009	0.03862660944206009	HG003	clinvar_genes	-1	-2	sentmm2	sentdpb
Pb-HG003-35x-9-D0-PF-PACBIO-REVIO-sentmm2-sentdpb-Indel_50	Indel_50	Pb-HG003-35x-9-D0-PF-PACBIO-REVIO	377862616.0	377856885.0	19.0	5712.0	7450.0	0.6046683957021118	0.996684697260513	0.9999802839291515	0.5660234006989819	0.43397659930101806	0.43397659930101806	HG003	clinvar_genes	-1	-2	sentmm2	sentdpb
Pb-HG003-35x-9-D0-PF-PACBIO-REVIO-sentmm2-sentdpb-Indel_gt50	Indel_gt50	Pb-HG003-35x-9-D0-PF-PACBIO-REVIO	377862616.0	377862437.0	6.0	173.0	371.0	0.47856154910096815	0.9664804469273743	0.9999990181621685	0.6819852941176471	0.3180147058823529	0.3180147058823529	HG003	clinvar_genes	-1	-2	sentmm2	sentdpb
Pb-HG003-35x-9-D0-PF-PACBIO-REVIO-sentmm2-sentdpb-All	All	Pb-HG003-35x-9-D0-PF-PACBIO-REVIO	377862616.0	377400859.0	1206.0	460551.0	120387.0	0.8833858414972738	0.9973882366699368	0.9996811119870059	0.20722865434865684	0.7927713456513432	0.7927713456513432	HG003	clinvar_genes	-1	-2	sentmm2	sentdpb
Pb-HG003-35x-9-D0-PF-PACBIO-REVIO-sentmm2-sentdpb-SNPts	SNPts	Pb-HG003-35x-9-D0-PF-PACBIO-REVIO	2505355380.0	2503152267.0	1880.0	2201233.0	1568.0	0.9992174155010741	0.9991466620186981	0.9999993735902372	0.0007118209951784115	0.9992881790048216	0.9992881790048216	HG003	giabHC_x_ultima	-1	-2	sentmm2	sentdpb
Pb-HG003-35x-9-D0-PF-PACBIO-REVIO-sentmm2-sentdpb-SNPtv	SNPtv	Pb-HG003-35x-9-D0-PF-PACBIO-REVIO	2505355380.0	2504320958.0	1738.0	1032684.0	1334.0	0.9985148227649823	0.9983198346516219	0.9999994673209578	0.0012901129380726447	0.9987098870619273	0.9987098870619273	HG003	giabHC_x_ultima	-1	-2	sentmm2	sentdpb
Pb-HG003-35x-9-D0-PF-PACBIO-REVIO-sentmm2-sentdpb-INS_50	INS_50	Pb-HG003-35x-9-D0-PF-PACBIO-REVIO	2505355380.0	2505203796.0	141.0	151443.0	445.0	0.9980690146043127	0.9990698226725776	0.9999998223697723	0.002929790371852944	0.9970702096281471	0.9970702096281471	HG003	giabHC_x_ultima	-1	-2	sentmm2	sentdpb
Pb-HG003-35x-9-D0-PF-PACBIO-REVIO-sentmm2-sentdpb-INS_gt50	INS_gt50	Pb-HG003-35x-9-D0-PF-PACBIO-REVIO	2505355380.0	2505355380.0	0.0	0.0	1.0			0.9999999996008551	1.0	0.0	0.0	HG003	giabHC_x_ultima	-1	-2	sentmm2	sentdpb
Pb-HG003-35x-9-D0-PF-PACBIO-REVIO-sentmm2-sentdpb-DEL_50	DEL_50	Pb-HG003-35x-9-D0-PF-PACBIO-REVIO	2505355380.0	2505192692.0	223.0	162465.0	144.0	0.9988718002317882	0.9986292781274587	0.999999942519395	0.0008855598398612623	0.9991144401601387	0.9991144401601387	HG003	giabHC_x_ultima	-1	-2	sentmm2	sentdpb
Pb-HG003-35x-9-D0-PF-PACBIO-REVIO-sentmm2-sentdpb-DEL_gt50	DEL_gt50	Pb-HG003-35x-9-D0-PF-PACBIO-REVIO	2505355380.0	2505355380.0	0.0	0.0	0.0			1.0				HG003	giabHC_x_ultima	-1	-2	sentmm2	sentdpb
Pb-HG003-35x-9-D0-PF-PACBIO-REVIO-sentmm2-sentdpb-Indel_50	Indel_50	Pb-HG003-35x-9-D0-PF-PACBIO-REVIO	2505355380.0	2505336624.0	2.0	18754.0	13.0	0.9996002451829545	0.9998933674557475	0.9999999948110766	0.0006927052805456386	0.9993072947194543	0.9993072947194543	HG003	giabHC_x_ultima	-1	-2	sentmm2	sentdpb
Pb-HG003-35x-9-D0-PF-PACBIO-REVIO-sentmm2-sentdpb-Indel_gt50	Indel_gt50	Pb-HG003-35x-9-D0-PF-PACBIO-REVIO	2505355380.0	2505355006.0	0.0	374.0	0.0	1.0	1.0	1.0	0.0	1.0	1.0	HG003	giabHC_x_ultima	-1	-2	sentmm2	sentdpb
Pb-HG003-35x-9-D0-PF-PACBIO-REVIO-sentmm2-sentdpb-All	All	Pb-HG003-35x-9-D0-PF-PACBIO-REVIO	2505355380.0	2501784443.0	3984.0	3566953.0	3505.0	0.9989513253362964	0.9988843264386911	0.9999985990019646	0.000981666777763525	0.9990183332222364	0.9990183332222364	HG003	giabHC_x_ultima	-1	-2	sentmm2	sentdpb
