SampleIDs	SMN1_exon7	SMN2_exon7	SMN1_exon8	SMN2_exon8	Group
NA00232;NA10684	0	2	0	2	standard
NA22592;NA09677;NA03813	0	3	0	3	standard
NA03815;NA20760;NA20787	1	1	1	1	standard
NA23687;NA23688;NA20764	1	2	1	2	standard
HG00346;HG00281	1	3	1	3	standard
HG01773;HG01774;HG02132	1	4*	1	4*	standard
NA19122;HG01941;NA19794	2	0	2	0	standard
HG02514;HG03663;HG03636	2	1	2	1	standard
HG01701;HG01942;HG01935	2	2	2	2	standard
HG01748;HG01971;HG00329	2	3	2	3	standard
HG03625	2	4*	2	4*	standard
NA19123;HG03258;HG02891;HG00255;NA19437;HG01377	3	0	3	0	standard
HG01755;HG03650;NA20775;HG01137	3	1	3	1	standard
NA12548;NA20755	3	2	3	2	standard
NA12552;NA20515	3	3	3	3	standard
NA19235;HG03027;HG02769	4	0	4	0	standard
NA19429;HG02836	4	1	4	1	standard
NA19177	2	1	3	0	gene_conversion
NA21527	2	2	1	3	gene_conversion
NA19249	2	2	3	1	gene_conversion
NA21526	2	3	1	4*	gene_conversion
NA19790	3	1	1	3	gene_conversion
NA19327	3	1	2	2	gene_conversion
NA21513	3	1	4	0	gene_conversion
NA19360	4	0	3	1	gene_conversion
HG02697	4	1	3	2	gene_conversion
