SampleID	SMN1_exon7	SMN2_exon7	SMN1_exon8	SMN2_exon8	Group
NA00232	0	2	0	2	standard
NA10684	0	2	0	2	standard
NA22592	0	3	0	3	standard
NA09677	0	3	0	3	standard
NA03813	0	3	0	3	standard
NA03815	1	1	1	1	standard
NA20760	1	1	1	1	standard
NA20787	1	1	1	1	standard
NA23687	1	2	1	2	standard
NA23688	1	2	1	2	standard
NA20764	1	2	1	2	standard
HG00346	1	3	1	3	standard
HG00281	1	3	1	3	standard
HG01773	1	4*	1	4*	standard
HG01774	1	4*	1	4*	standard
HG02132	1	4*	1	4*	standard
NA19122	2	0	2	0	standard
HG01941	2	0	2	0	standard
NA19794	2	0	2	0	standard
HG02514	2	1	2	1	standard
HG03663	2	1	2	1	standard
HG03636	2	1	2	1	standard
HG01701	2	2	2	2	standard
HG01942	2	2	2	2	standard
HG01935	2	2	2	2	standard
HG01748	2	3	2	3	standard
HG01971	2	3	2	3	standard
HG00329	2	3	2	3	standard
HG03625	2	4*	2	4*	standard
NA19123	3	0	3	0	standard
HG03258	3	0	3	0	standard
HG02891	3	0	3	0	standard
HG00255	3	0	3	0	standard
NA19437	3	0	3	0	standard
HG01377	3	0	3	0	standard
HG01755	3	1	3	1	standard
HG03650	3	1	3	1	standard
NA20775	3	1	3	1	standard
HG01137	3	1	3	1	standard
NA12548	3	2	3	2	standard
NA20755	3	2	3	2	standard
NA12552	3	3	3	3	standard
NA20515	3	3	3	3	standard
NA19235	4	0	4	0	standard
HG03027	4	0	4	0	standard
HG02769	4	0	4	0	standard
NA19429	4	1	4	1	standard
HG02836	4	1	4	1	standard
NA19177	2	1	3	0	gene_conversion
NA21527	2	2	1	3	gene_conversion
NA19249	2	2	3	1	gene_conversion
NA21526	2	3	1	4*	gene_conversion
NA19790	3	1	1	3	gene_conversion
NA19327	3	1	2	2	gene_conversion
NA21513	3	1	4	0	gene_conversion
NA19360	4	0	3	1	gene_conversion
HG02697	4	1	3	2	gene_conversion
