SampleID,Sex,Trio (family),SMN1/2 genotype (public refs),FASTQ dir (Phase 3),ENA FASTQ TSV,NYGC 30x (PRJEB31736) TSV,Set
NA00232,,,,http://ftp.1000genomes.ebi.ac.uk/vol1/ftp/phase3/data/NA00232/sequence_read/,"https://www.ebi.ac.uk/ena/portal/api/search?result=read_run&format=tsv&limit=0&fields=run_accession,study_accession,first_public,library_strategy,library_layout,instrument_platform,instrument_model,fastq_ftp&query=sample_alias%3D%22NA00232%22%20AND%20tax_eq(9606)","https://www.ebi.ac.uk/ena/portal/api/search?result=read_run&format=tsv&limit=0&fields=run_accession,study_accession,first_public,instrument_model,fastq_ftp,bam_ftp&query=sample_alias%3D%22NA00232%22%20AND%20project_accession%3D%22PRJEB31736%22%20AND%20tax_eq(9606)",positive
NA10684,,,,http://ftp.1000genomes.ebi.ac.uk/vol1/ftp/phase3/data/NA10684/sequence_read/,"https://www.ebi.ac.uk/ena/portal/api/search?result=read_run&format=tsv&limit=0&fields=run_accession,study_accession,first_public,library_strategy,library_layout,instrument_platform,instrument_model,fastq_ftp&query=sample_alias%3D%22NA10684%22%20AND%20tax_eq(9606)","https://www.ebi.ac.uk/ena/portal/api/search?result=read_run&format=tsv&limit=0&fields=run_accession,study_accession,first_public,instrument_model,fastq_ftp,bam_ftp&query=sample_alias%3D%22NA10684%22%20AND%20project_accession%3D%22PRJEB31736%22%20AND%20tax_eq(9606)",positive
NA22592,,,,http://ftp.1000genomes.ebi.ac.uk/vol1/ftp/phase3/data/NA22592/sequence_read/,"https://www.ebi.ac.uk/ena/portal/api/search?result=read_run&format=tsv&limit=0&fields=run_accession,study_accession,first_public,library_strategy,library_layout,instrument_platform,instrument_model,fastq_ftp&query=sample_alias%3D%22NA22592%22%20AND%20tax_eq(9606)","https://www.ebi.ac.uk/ena/portal/api/search?result=read_run&format=tsv&limit=0&fields=run_accession,study_accession,first_public,instrument_model,fastq_ftp,bam_ftp&query=sample_alias%3D%22NA22592%22%20AND%20project_accession%3D%22PRJEB31736%22%20AND%20tax_eq(9606)",positive
NA09677,,,,http://ftp.1000genomes.ebi.ac.uk/vol1/ftp/phase3/data/NA09677/sequence_read/,"https://www.ebi.ac.uk/ena/portal/api/search?result=read_run&format=tsv&limit=0&fields=run_accession,study_accession,first_public,library_strategy,library_layout,instrument_platform,instrument_model,fastq_ftp&query=sample_alias%3D%22NA09677%22%20AND%20tax_eq(9606)","https://www.ebi.ac.uk/ena/portal/api/search?result=read_run&format=tsv&limit=0&fields=run_accession,study_accession,first_public,instrument_model,fastq_ftp,bam_ftp&query=sample_alias%3D%22NA09677%22%20AND%20project_accession%3D%22PRJEB31736%22%20AND%20tax_eq(9606)",positive
NA03813,,,,http://ftp.1000genomes.ebi.ac.uk/vol1/ftp/phase3/data/NA03813/sequence_read/,"https://www.ebi.ac.uk/ena/portal/api/search?result=read_run&format=tsv&limit=0&fields=run_accession,study_accession,first_public,library_strategy,library_layout,instrument_platform,instrument_model,fastq_ftp&query=sample_alias%3D%22NA03813%22%20AND%20tax_eq(9606)","https://www.ebi.ac.uk/ena/portal/api/search?result=read_run&format=tsv&limit=0&fields=run_accession,study_accession,first_public,instrument_model,fastq_ftp,bam_ftp&query=sample_alias%3D%22NA03813%22%20AND%20project_accession%3D%22PRJEB31736%22%20AND%20tax_eq(9606)",positive
NA03815,,,,http://ftp.1000genomes.ebi.ac.uk/vol1/ftp/phase3/data/NA03815/sequence_read/,"https://www.ebi.ac.uk/ena/portal/api/search?result=read_run&format=tsv&limit=0&fields=run_accession,study_accession,first_public,library_strategy,library_layout,instrument_platform,instrument_model,fastq_ftp&query=sample_alias%3D%22NA03815%22%20AND%20tax_eq(9606)","https://www.ebi.ac.uk/ena/portal/api/search?result=read_run&format=tsv&limit=0&fields=run_accession,study_accession,first_public,instrument_model,fastq_ftp,bam_ftp&query=sample_alias%3D%22NA03815%22%20AND%20project_accession%3D%22PRJEB31736%22%20AND%20tax_eq(9606)",positive
NA20760,,,,http://ftp.1000genomes.ebi.ac.uk/vol1/ftp/phase3/data/NA20760/sequence_read/,"https://www.ebi.ac.uk/ena/portal/api/search?result=read_run&format=tsv&limit=0&fields=run_accession,study_accession,first_public,library_strategy,library_layout,instrument_platform,instrument_model,fastq_ftp&query=sample_alias%3D%22NA20760%22%20AND%20tax_eq(9606)","https://www.ebi.ac.uk/ena/portal/api/search?result=read_run&format=tsv&limit=0&fields=run_accession,study_accession,first_public,instrument_model,fastq_ftp,bam_ftp&query=sample_alias%3D%22NA20760%22%20AND%20project_accession%3D%22PRJEB31736%22%20AND%20tax_eq(9606)",positive
NA20787,,,,http://ftp.1000genomes.ebi.ac.uk/vol1/ftp/phase3/data/NA20787/sequence_read/,"https://www.ebi.ac.uk/ena/portal/api/search?result=read_run&format=tsv&limit=0&fields=run_accession,study_accession,first_public,library_strategy,library_layout,instrument_platform,instrument_model,fastq_ftp&query=sample_alias%3D%22NA20787%22%20AND%20tax_eq(9606)","https://www.ebi.ac.uk/ena/portal/api/search?result=read_run&format=tsv&limit=0&fields=run_accession,study_accession,first_public,instrument_model,fastq_ftp,bam_ftp&query=sample_alias%3D%22NA20787%22%20AND%20project_accession%3D%22PRJEB31736%22%20AND%20tax_eq(9606)",positive
NA23687,,,,http://ftp.1000genomes.ebi.ac.uk/vol1/ftp/phase3/data/NA23687/sequence_read/,"https://www.ebi.ac.uk/ena/portal/api/search?result=read_run&format=tsv&limit=0&fields=run_accession,study_accession,first_public,library_strategy,library_layout,instrument_platform,instrument_model,fastq_ftp&query=sample_alias%3D%22NA23687%22%20AND%20tax_eq(9606)","https://www.ebi.ac.uk/ena/portal/api/search?result=read_run&format=tsv&limit=0&fields=run_accession,study_accession,first_public,instrument_model,fastq_ftp,bam_ftp&query=sample_alias%3D%22NA23687%22%20AND%20project_accession%3D%22PRJEB31736%22%20AND%20tax_eq(9606)",positive
NA23688,,,,http://ftp.1000genomes.ebi.ac.uk/vol1/ftp/phase3/data/NA23688/sequence_read/,"https://www.ebi.ac.uk/ena/portal/api/search?result=read_run&format=tsv&limit=0&fields=run_accession,study_accession,first_public,library_strategy,library_layout,instrument_platform,instrument_model,fastq_ftp&query=sample_alias%3D%22NA23688%22%20AND%20tax_eq(9606)","https://www.ebi.ac.uk/ena/portal/api/search?result=read_run&format=tsv&limit=0&fields=run_accession,study_accession,first_public,instrument_model,fastq_ftp,bam_ftp&query=sample_alias%3D%22NA23688%22%20AND%20project_accession%3D%22PRJEB31736%22%20AND%20tax_eq(9606)",positive
NA20764,,,,http://ftp.1000genomes.ebi.ac.uk/vol1/ftp/phase3/data/NA20764/sequence_read/,"https://www.ebi.ac.uk/ena/portal/api/search?result=read_run&format=tsv&limit=0&fields=run_accession,study_accession,first_public,library_strategy,library_layout,instrument_platform,instrument_model,fastq_ftp&query=sample_alias%3D%22NA20764%22%20AND%20tax_eq(9606)","https://www.ebi.ac.uk/ena/portal/api/search?result=read_run&format=tsv&limit=0&fields=run_accession,study_accession,first_public,instrument_model,fastq_ftp,bam_ftp&query=sample_alias%3D%22NA20764%22%20AND%20project_accession%3D%22PRJEB31736%22%20AND%20tax_eq(9606)",positive
HG00346,,,,http://ftp.1000genomes.ebi.ac.uk/vol1/ftp/phase3/data/HG00346/sequence_read/,"https://www.ebi.ac.uk/ena/portal/api/search?result=read_run&format=tsv&limit=0&fields=run_accession,study_accession,first_public,library_strategy,library_layout,instrument_platform,instrument_model,fastq_ftp&query=sample_alias%3D%22HG00346%22%20AND%20tax_eq(9606)","https://www.ebi.ac.uk/ena/portal/api/search?result=read_run&format=tsv&limit=0&fields=run_accession,study_accession,first_public,instrument_model,fastq_ftp,bam_ftp&query=sample_alias%3D%22HG00346%22%20AND%20project_accession%3D%22PRJEB31736%22%20AND%20tax_eq(9606)",positive
HG00281,,,,http://ftp.1000genomes.ebi.ac.uk/vol1/ftp/phase3/data/HG00281/sequence_read/,"https://www.ebi.ac.uk/ena/portal/api/search?result=read_run&format=tsv&limit=0&fields=run_accession,study_accession,first_public,library_strategy,library_layout,instrument_platform,instrument_model,fastq_ftp&query=sample_alias%3D%22HG00281%22%20AND%20tax_eq(9606)","https://www.ebi.ac.uk/ena/portal/api/search?result=read_run&format=tsv&limit=0&fields=run_accession,study_accession,first_public,instrument_model,fastq_ftp,bam_ftp&query=sample_alias%3D%22HG00281%22%20AND%20project_accession%3D%22PRJEB31736%22%20AND%20tax_eq(9606)",positive
HG01773,,,,http://ftp.1000genomes.ebi.ac.uk/vol1/ftp/phase3/data/HG01773/sequence_read/,"https://www.ebi.ac.uk/ena/portal/api/search?result=read_run&format=tsv&limit=0&fields=run_accession,study_accession,first_public,library_strategy,library_layout,instrument_platform,instrument_model,fastq_ftp&query=sample_alias%3D%22HG01773%22%20AND%20tax_eq(9606)","https://www.ebi.ac.uk/ena/portal/api/search?result=read_run&format=tsv&limit=0&fields=run_accession,study_accession,first_public,instrument_model,fastq_ftp,bam_ftp&query=sample_alias%3D%22HG01773%22%20AND%20project_accession%3D%22PRJEB31736%22%20AND%20tax_eq(9606)",positive
HG01774,,,,http://ftp.1000genomes.ebi.ac.uk/vol1/ftp/phase3/data/HG01774/sequence_read/,"https://www.ebi.ac.uk/ena/portal/api/search?result=read_run&format=tsv&limit=0&fields=run_accession,study_accession,first_public,library_strategy,library_layout,instrument_platform,instrument_model,fastq_ftp&query=sample_alias%3D%22HG01774%22%20AND%20tax_eq(9606)","https://www.ebi.ac.uk/ena/portal/api/search?result=read_run&format=tsv&limit=0&fields=run_accession,study_accession,first_public,instrument_model,fastq_ftp,bam_ftp&query=sample_alias%3D%22HG01774%22%20AND%20project_accession%3D%22PRJEB31736%22%20AND%20tax_eq(9606)",positive
HG02132,,,,http://ftp.1000genomes.ebi.ac.uk/vol1/ftp/phase3/data/HG02132/sequence_read/,"https://www.ebi.ac.uk/ena/portal/api/search?result=read_run&format=tsv&limit=0&fields=run_accession,study_accession,first_public,library_strategy,library_layout,instrument_platform,instrument_model,fastq_ftp&query=sample_alias%3D%22HG02132%22%20AND%20tax_eq(9606)","https://www.ebi.ac.uk/ena/portal/api/search?result=read_run&format=tsv&limit=0&fields=run_accession,study_accession,first_public,instrument_model,fastq_ftp,bam_ftp&query=sample_alias%3D%22HG02132%22%20AND%20project_accession%3D%22PRJEB31736%22%20AND%20tax_eq(9606)",positive
NA19122,,,,http://ftp.1000genomes.ebi.ac.uk/vol1/ftp/phase3/data/NA19122/sequence_read/,"https://www.ebi.ac.uk/ena/portal/api/search?result=read_run&format=tsv&limit=0&fields=run_accession,study_accession,first_public,library_strategy,library_layout,instrument_platform,instrument_model,fastq_ftp&query=sample_alias%3D%22NA19122%22%20AND%20tax_eq(9606)","https://www.ebi.ac.uk/ena/portal/api/search?result=read_run&format=tsv&limit=0&fields=run_accession,study_accession,first_public,instrument_model,fastq_ftp,bam_ftp&query=sample_alias%3D%22NA19122%22%20AND%20project_accession%3D%22PRJEB31736%22%20AND%20tax_eq(9606)",positive
HG01941,,,,http://ftp.1000genomes.ebi.ac.uk/vol1/ftp/phase3/data/HG01941/sequence_read/,"https://www.ebi.ac.uk/ena/portal/api/search?result=read_run&format=tsv&limit=0&fields=run_accession,study_accession,first_public,library_strategy,library_layout,instrument_platform,instrument_model,fastq_ftp&query=sample_alias%3D%22HG01941%22%20AND%20tax_eq(9606)","https://www.ebi.ac.uk/ena/portal/api/search?result=read_run&format=tsv&limit=0&fields=run_accession,study_accession,first_public,instrument_model,fastq_ftp,bam_ftp&query=sample_alias%3D%22HG01941%22%20AND%20project_accession%3D%22PRJEB31736%22%20AND%20tax_eq(9606)",positive
NA19794,,,,http://ftp.1000genomes.ebi.ac.uk/vol1/ftp/phase3/data/NA19794/sequence_read/,"https://www.ebi.ac.uk/ena/portal/api/search?result=read_run&format=tsv&limit=0&fields=run_accession,study_accession,first_public,library_strategy,library_layout,instrument_platform,instrument_model,fastq_ftp&query=sample_alias%3D%22NA19794%22%20AND%20tax_eq(9606)","https://www.ebi.ac.uk/ena/portal/api/search?result=read_run&format=tsv&limit=0&fields=run_accession,study_accession,first_public,instrument_model,fastq_ftp,bam_ftp&query=sample_alias%3D%22NA19794%22%20AND%20project_accession%3D%22PRJEB31736%22%20AND%20tax_eq(9606)",positive
HG02514,,,,http://ftp.1000genomes.ebi.ac.uk/vol1/ftp/phase3/data/HG02514/sequence_read/,"https://www.ebi.ac.uk/ena/portal/api/search?result=read_run&format=tsv&limit=0&fields=run_accession,study_accession,first_public,library_strategy,library_layout,instrument_platform,instrument_model,fastq_ftp&query=sample_alias%3D%22HG02514%22%20AND%20tax_eq(9606)","https://www.ebi.ac.uk/ena/portal/api/search?result=read_run&format=tsv&limit=0&fields=run_accession,study_accession,first_public,instrument_model,fastq_ftp,bam_ftp&query=sample_alias%3D%22HG02514%22%20AND%20project_accession%3D%22PRJEB31736%22%20AND%20tax_eq(9606)",positive
HG03663,,,,http://ftp.1000genomes.ebi.ac.uk/vol1/ftp/phase3/data/HG03663/sequence_read/,"https://www.ebi.ac.uk/ena/portal/api/search?result=read_run&format=tsv&limit=0&fields=run_accession,study_accession,first_public,library_strategy,library_layout,instrument_platform,instrument_model,fastq_ftp&query=sample_alias%3D%22HG03663%22%20AND%20tax_eq(9606)","https://www.ebi.ac.uk/ena/portal/api/search?result=read_run&format=tsv&limit=0&fields=run_accession,study_accession,first_public,instrument_model,fastq_ftp,bam_ftp&query=sample_alias%3D%22HG03663%22%20AND%20project_accession%3D%22PRJEB31736%22%20AND%20tax_eq(9606)",positive
HG03636,,,,http://ftp.1000genomes.ebi.ac.uk/vol1/ftp/phase3/data/HG03636/sequence_read/,"https://www.ebi.ac.uk/ena/portal/api/search?result=read_run&format=tsv&limit=0&fields=run_accession,study_accession,first_public,library_strategy,library_layout,instrument_platform,instrument_model,fastq_ftp&query=sample_alias%3D%22HG03636%22%20AND%20tax_eq(9606)","https://www.ebi.ac.uk/ena/portal/api/search?result=read_run&format=tsv&limit=0&fields=run_accession,study_accession,first_public,instrument_model,fastq_ftp,bam_ftp&query=sample_alias%3D%22HG03636%22%20AND%20project_accession%3D%22PRJEB31736%22%20AND%20tax_eq(9606)",positive
HG01701,,,,http://ftp.1000genomes.ebi.ac.uk/vol1/ftp/phase3/data/HG01701/sequence_read/,"https://www.ebi.ac.uk/ena/portal/api/search?result=read_run&format=tsv&limit=0&fields=run_accession,study_accession,first_public,library_strategy,library_layout,instrument_platform,instrument_model,fastq_ftp&query=sample_alias%3D%22HG01701%22%20AND%20tax_eq(9606)","https://www.ebi.ac.uk/ena/portal/api/search?result=read_run&format=tsv&limit=0&fields=run_accession,study_accession,first_public,instrument_model,fastq_ftp,bam_ftp&query=sample_alias%3D%22HG01701%22%20AND%20project_accession%3D%22PRJEB31736%22%20AND%20tax_eq(9606)",positive
HG01942,,,,http://ftp.1000genomes.ebi.ac.uk/vol1/ftp/phase3/data/HG01942/sequence_read/,"https://www.ebi.ac.uk/ena/portal/api/search?result=read_run&format=tsv&limit=0&fields=run_accession,study_accession,first_public,library_strategy,library_layout,instrument_platform,instrument_model,fastq_ftp&query=sample_alias%3D%22HG01942%22%20AND%20tax_eq(9606)","https://www.ebi.ac.uk/ena/portal/api/search?result=read_run&format=tsv&limit=0&fields=run_accession,study_accession,first_public,instrument_model,fastq_ftp,bam_ftp&query=sample_alias%3D%22HG01942%22%20AND%20project_accession%3D%22PRJEB31736%22%20AND%20tax_eq(9606)",positive
HG01935,,,,http://ftp.1000genomes.ebi.ac.uk/vol1/ftp/phase3/data/HG01935/sequence_read/,"https://www.ebi.ac.uk/ena/portal/api/search?result=read_run&format=tsv&limit=0&fields=run_accession,study_accession,first_public,library_strategy,library_layout,instrument_platform,instrument_model,fastq_ftp&query=sample_alias%3D%22HG01935%22%20AND%20tax_eq(9606)","https://www.ebi.ac.uk/ena/portal/api/search?result=read_run&format=tsv&limit=0&fields=run_accession,study_accession,first_public,instrument_model,fastq_ftp,bam_ftp&query=sample_alias%3D%22HG01935%22%20AND%20project_accession%3D%22PRJEB31736%22%20AND%20tax_eq(9606)",positive
HG01748,,,,http://ftp.1000genomes.ebi.ac.uk/vol1/ftp/phase3/data/HG01748/sequence_read/,"https://www.ebi.ac.uk/ena/portal/api/search?result=read_run&format=tsv&limit=0&fields=run_accession,study_accession,first_public,library_strategy,library_layout,instrument_platform,instrument_model,fastq_ftp&query=sample_alias%3D%22HG01748%22%20AND%20tax_eq(9606)","https://www.ebi.ac.uk/ena/portal/api/search?result=read_run&format=tsv&limit=0&fields=run_accession,study_accession,first_public,instrument_model,fastq_ftp,bam_ftp&query=sample_alias%3D%22HG01748%22%20AND%20project_accession%3D%22PRJEB31736%22%20AND%20tax_eq(9606)",positive
HG01971,,,,http://ftp.1000genomes.ebi.ac.uk/vol1/ftp/phase3/data/HG01971/sequence_read/,"https://www.ebi.ac.uk/ena/portal/api/search?result=read_run&format=tsv&limit=0&fields=run_accession,study_accession,first_public,library_strategy,library_layout,instrument_platform,instrument_model,fastq_ftp&query=sample_alias%3D%22HG01971%22%20AND%20tax_eq(9606)","https://www.ebi.ac.uk/ena/portal/api/search?result=read_run&format=tsv&limit=0&fields=run_accession,study_accession,first_public,instrument_model,fastq_ftp,bam_ftp&query=sample_alias%3D%22HG01971%22%20AND%20project_accession%3D%22PRJEB31736%22%20AND%20tax_eq(9606)",positive
HG00329,,,,http://ftp.1000genomes.ebi.ac.uk/vol1/ftp/phase3/data/HG00329/sequence_read/,"https://www.ebi.ac.uk/ena/portal/api/search?result=read_run&format=tsv&limit=0&fields=run_accession,study_accession,first_public,library_strategy,library_layout,instrument_platform,instrument_model,fastq_ftp&query=sample_alias%3D%22HG00329%22%20AND%20tax_eq(9606)","https://www.ebi.ac.uk/ena/portal/api/search?result=read_run&format=tsv&limit=0&fields=run_accession,study_accession,first_public,instrument_model,fastq_ftp,bam_ftp&query=sample_alias%3D%22HG00329%22%20AND%20project_accession%3D%22PRJEB31736%22%20AND%20tax_eq(9606)",positive
HG03625,,,,http://ftp.1000genomes.ebi.ac.uk/vol1/ftp/phase3/data/HG03625/sequence_read/,"https://www.ebi.ac.uk/ena/portal/api/search?result=read_run&format=tsv&limit=0&fields=run_accession,study_accession,first_public,library_strategy,library_layout,instrument_platform,instrument_model,fastq_ftp&query=sample_alias%3D%22HG03625%22%20AND%20tax_eq(9606)","https://www.ebi.ac.uk/ena/portal/api/search?result=read_run&format=tsv&limit=0&fields=run_accession,study_accession,first_public,instrument_model,fastq_ftp,bam_ftp&query=sample_alias%3D%22HG03625%22%20AND%20project_accession%3D%22PRJEB31736%22%20AND%20tax_eq(9606)",positive
NA19123,,,,http://ftp.1000genomes.ebi.ac.uk/vol1/ftp/phase3/data/NA19123/sequence_read/,"https://www.ebi.ac.uk/ena/portal/api/search?result=read_run&format=tsv&limit=0&fields=run_accession,study_accession,first_public,library_strategy,library_layout,instrument_platform,instrument_model,fastq_ftp&query=sample_alias%3D%22NA19123%22%20AND%20tax_eq(9606)","https://www.ebi.ac.uk/ena/portal/api/search?result=read_run&format=tsv&limit=0&fields=run_accession,study_accession,first_public,instrument_model,fastq_ftp,bam_ftp&query=sample_alias%3D%22NA19123%22%20AND%20project_accession%3D%22PRJEB31736%22%20AND%20tax_eq(9606)",positive
HG03258,,,,http://ftp.1000genomes.ebi.ac.uk/vol1/ftp/phase3/data/HG03258/sequence_read/,"https://www.ebi.ac.uk/ena/portal/api/search?result=read_run&format=tsv&limit=0&fields=run_accession,study_accession,first_public,library_strategy,library_layout,instrument_platform,instrument_model,fastq_ftp&query=sample_alias%3D%22HG03258%22%20AND%20tax_eq(9606)","https://www.ebi.ac.uk/ena/portal/api/search?result=read_run&format=tsv&limit=0&fields=run_accession,study_accession,first_public,instrument_model,fastq_ftp,bam_ftp&query=sample_alias%3D%22HG03258%22%20AND%20project_accession%3D%22PRJEB31736%22%20AND%20tax_eq(9606)",positive
HG02891,,,,http://ftp.1000genomes.ebi.ac.uk/vol1/ftp/phase3/data/HG02891/sequence_read/,"https://www.ebi.ac.uk/ena/portal/api/search?result=read_run&format=tsv&limit=0&fields=run_accession,study_accession,first_public,library_strategy,library_layout,instrument_platform,instrument_model,fastq_ftp&query=sample_alias%3D%22HG02891%22%20AND%20tax_eq(9606)","https://www.ebi.ac.uk/ena/portal/api/search?result=read_run&format=tsv&limit=0&fields=run_accession,study_accession,first_public,instrument_model,fastq_ftp,bam_ftp&query=sample_alias%3D%22HG02891%22%20AND%20project_accession%3D%22PRJEB31736%22%20AND%20tax_eq(9606)",positive
HG00255,,,,http://ftp.1000genomes.ebi.ac.uk/vol1/ftp/phase3/data/HG00255/sequence_read/,"https://www.ebi.ac.uk/ena/portal/api/search?result=read_run&format=tsv&limit=0&fields=run_accession,study_accession,first_public,library_strategy,library_layout,instrument_platform,instrument_model,fastq_ftp&query=sample_alias%3D%22HG00255%22%20AND%20tax_eq(9606)","https://www.ebi.ac.uk/ena/portal/api/search?result=read_run&format=tsv&limit=0&fields=run_accession,study_accession,first_public,instrument_model,fastq_ftp,bam_ftp&query=sample_alias%3D%22HG00255%22%20AND%20project_accession%3D%22PRJEB31736%22%20AND%20tax_eq(9606)",positive
NA19437,,,,http://ftp.1000genomes.ebi.ac.uk/vol1/ftp/phase3/data/NA19437/sequence_read/,"https://www.ebi.ac.uk/ena/portal/api/search?result=read_run&format=tsv&limit=0&fields=run_accession,study_accession,first_public,library_strategy,library_layout,instrument_platform,instrument_model,fastq_ftp&query=sample_alias%3D%22NA19437%22%20AND%20tax_eq(9606)","https://www.ebi.ac.uk/ena/portal/api/search?result=read_run&format=tsv&limit=0&fields=run_accession,study_accession,first_public,instrument_model,fastq_ftp,bam_ftp&query=sample_alias%3D%22NA19437%22%20AND%20project_accession%3D%22PRJEB31736%22%20AND%20tax_eq(9606)",positive
HG01377,,,,http://ftp.1000genomes.ebi.ac.uk/vol1/ftp/phase3/data/HG01377/sequence_read/,"https://www.ebi.ac.uk/ena/portal/api/search?result=read_run&format=tsv&limit=0&fields=run_accession,study_accession,first_public,library_strategy,library_layout,instrument_platform,instrument_model,fastq_ftp&query=sample_alias%3D%22HG01377%22%20AND%20tax_eq(9606)","https://www.ebi.ac.uk/ena/portal/api/search?result=read_run&format=tsv&limit=0&fields=run_accession,study_accession,first_public,instrument_model,fastq_ftp,bam_ftp&query=sample_alias%3D%22HG01377%22%20AND%20project_accession%3D%22PRJEB31736%22%20AND%20tax_eq(9606)",positive
HG01755,,,,http://ftp.1000genomes.ebi.ac.uk/vol1/ftp/phase3/data/HG01755/sequence_read/,"https://www.ebi.ac.uk/ena/portal/api/search?result=read_run&format=tsv&limit=0&fields=run_accession,study_accession,first_public,library_strategy,library_layout,instrument_platform,instrument_model,fastq_ftp&query=sample_alias%3D%22HG01755%22%20AND%20tax_eq(9606)","https://www.ebi.ac.uk/ena/portal/api/search?result=read_run&format=tsv&limit=0&fields=run_accession,study_accession,first_public,instrument_model,fastq_ftp,bam_ftp&query=sample_alias%3D%22HG01755%22%20AND%20project_accession%3D%22PRJEB31736%22%20AND%20tax_eq(9606)",positive
HG03650,,,,http://ftp.1000genomes.ebi.ac.uk/vol1/ftp/phase3/data/HG03650/sequence_read/,"https://www.ebi.ac.uk/ena/portal/api/search?result=read_run&format=tsv&limit=0&fields=run_accession,study_accession,first_public,library_strategy,library_layout,instrument_platform,instrument_model,fastq_ftp&query=sample_alias%3D%22HG03650%22%20AND%20tax_eq(9606)","https://www.ebi.ac.uk/ena/portal/api/search?result=read_run&format=tsv&limit=0&fields=run_accession,study_accession,first_public,instrument_model,fastq_ftp,bam_ftp&query=sample_alias%3D%22HG03650%22%20AND%20project_accession%3D%22PRJEB31736%22%20AND%20tax_eq(9606)",positive
NA20775,,,,http://ftp.1000genomes.ebi.ac.uk/vol1/ftp/phase3/data/NA20775/sequence_read/,"https://www.ebi.ac.uk/ena/portal/api/search?result=read_run&format=tsv&limit=0&fields=run_accession,study_accession,first_public,library_strategy,library_layout,instrument_platform,instrument_model,fastq_ftp&query=sample_alias%3D%22NA20775%22%20AND%20tax_eq(9606)","https://www.ebi.ac.uk/ena/portal/api/search?result=read_run&format=tsv&limit=0&fields=run_accession,study_accession,first_public,instrument_model,fastq_ftp,bam_ftp&query=sample_alias%3D%22NA20775%22%20AND%20project_accession%3D%22PRJEB31736%22%20AND%20tax_eq(9606)",positive
HG01137,,,,http://ftp.1000genomes.ebi.ac.uk/vol1/ftp/phase3/data/HG01137/sequence_read/,"https://www.ebi.ac.uk/ena/portal/api/search?result=read_run&format=tsv&limit=0&fields=run_accession,study_accession,first_public,library_strategy,library_layout,instrument_platform,instrument_model,fastq_ftp&query=sample_alias%3D%22HG01137%22%20AND%20tax_eq(9606)","https://www.ebi.ac.uk/ena/portal/api/search?result=read_run&format=tsv&limit=0&fields=run_accession,study_accession,first_public,instrument_model,fastq_ftp,bam_ftp&query=sample_alias%3D%22HG01137%22%20AND%20project_accession%3D%22PRJEB31736%22%20AND%20tax_eq(9606)",positive
NA12548,,,,http://ftp.1000genomes.ebi.ac.uk/vol1/ftp/phase3/data/NA12548/sequence_read/,"https://www.ebi.ac.uk/ena/portal/api/search?result=read_run&format=tsv&limit=0&fields=run_accession,study_accession,first_public,library_strategy,library_layout,instrument_platform,instrument_model,fastq_ftp&query=sample_alias%3D%22NA12548%22%20AND%20tax_eq(9606)","https://www.ebi.ac.uk/ena/portal/api/search?result=read_run&format=tsv&limit=0&fields=run_accession,study_accession,first_public,instrument_model,fastq_ftp,bam_ftp&query=sample_alias%3D%22NA12548%22%20AND%20project_accession%3D%22PRJEB31736%22%20AND%20tax_eq(9606)",positive
NA20755,,,,http://ftp.1000genomes.ebi.ac.uk/vol1/ftp/phase3/data/NA20755/sequence_read/,"https://www.ebi.ac.uk/ena/portal/api/search?result=read_run&format=tsv&limit=0&fields=run_accession,study_accession,first_public,library_strategy,library_layout,instrument_platform,instrument_model,fastq_ftp&query=sample_alias%3D%22NA20755%22%20AND%20tax_eq(9606)","https://www.ebi.ac.uk/ena/portal/api/search?result=read_run&format=tsv&limit=0&fields=run_accession,study_accession,first_public,instrument_model,fastq_ftp,bam_ftp&query=sample_alias%3D%22NA20755%22%20AND%20project_accession%3D%22PRJEB31736%22%20AND%20tax_eq(9606)",positive
NA12552,,,,http://ftp.1000genomes.ebi.ac.uk/vol1/ftp/phase3/data/NA12552/sequence_read/,"https://www.ebi.ac.uk/ena/portal/api/search?result=read_run&format=tsv&limit=0&fields=run_accession,study_accession,first_public,library_strategy,library_layout,instrument_platform,instrument_model,fastq_ftp&query=sample_alias%3D%22NA12552%22%20AND%20tax_eq(9606)","https://www.ebi.ac.uk/ena/portal/api/search?result=read_run&format=tsv&limit=0&fields=run_accession,study_accession,first_public,instrument_model,fastq_ftp,bam_ftp&query=sample_alias%3D%22NA12552%22%20AND%20project_accession%3D%22PRJEB31736%22%20AND%20tax_eq(9606)",positive
NA20515,,,,http://ftp.1000genomes.ebi.ac.uk/vol1/ftp/phase3/data/NA20515/sequence_read/,"https://www.ebi.ac.uk/ena/portal/api/search?result=read_run&format=tsv&limit=0&fields=run_accession,study_accession,first_public,library_strategy,library_layout,instrument_platform,instrument_model,fastq_ftp&query=sample_alias%3D%22NA20515%22%20AND%20tax_eq(9606)","https://www.ebi.ac.uk/ena/portal/api/search?result=read_run&format=tsv&limit=0&fields=run_accession,study_accession,first_public,instrument_model,fastq_ftp,bam_ftp&query=sample_alias%3D%22NA20515%22%20AND%20project_accession%3D%22PRJEB31736%22%20AND%20tax_eq(9606)",positive
NA19235,,,,http://ftp.1000genomes.ebi.ac.uk/vol1/ftp/phase3/data/NA19235/sequence_read/,"https://www.ebi.ac.uk/ena/portal/api/search?result=read_run&format=tsv&limit=0&fields=run_accession,study_accession,first_public,library_strategy,library_layout,instrument_platform,instrument_model,fastq_ftp&query=sample_alias%3D%22NA19235%22%20AND%20tax_eq(9606)","https://www.ebi.ac.uk/ena/portal/api/search?result=read_run&format=tsv&limit=0&fields=run_accession,study_accession,first_public,instrument_model,fastq_ftp,bam_ftp&query=sample_alias%3D%22NA19235%22%20AND%20project_accession%3D%22PRJEB31736%22%20AND%20tax_eq(9606)",positive
HG03027,,,,http://ftp.1000genomes.ebi.ac.uk/vol1/ftp/phase3/data/HG03027/sequence_read/,"https://www.ebi.ac.uk/ena/portal/api/search?result=read_run&format=tsv&limit=0&fields=run_accession,study_accession,first_public,library_strategy,library_layout,instrument_platform,instrument_model,fastq_ftp&query=sample_alias%3D%22HG03027%22%20AND%20tax_eq(9606)","https://www.ebi.ac.uk/ena/portal/api/search?result=read_run&format=tsv&limit=0&fields=run_accession,study_accession,first_public,instrument_model,fastq_ftp,bam_ftp&query=sample_alias%3D%22HG03027%22%20AND%20project_accession%3D%22PRJEB31736%22%20AND%20tax_eq(9606)",positive
HG02769,,,,http://ftp.1000genomes.ebi.ac.uk/vol1/ftp/phase3/data/HG02769/sequence_read/,"https://www.ebi.ac.uk/ena/portal/api/search?result=read_run&format=tsv&limit=0&fields=run_accession,study_accession,first_public,library_strategy,library_layout,instrument_platform,instrument_model,fastq_ftp&query=sample_alias%3D%22HG02769%22%20AND%20tax_eq(9606)","https://www.ebi.ac.uk/ena/portal/api/search?result=read_run&format=tsv&limit=0&fields=run_accession,study_accession,first_public,instrument_model,fastq_ftp,bam_ftp&query=sample_alias%3D%22HG02769%22%20AND%20project_accession%3D%22PRJEB31736%22%20AND%20tax_eq(9606)",positive
NA19429,,,,http://ftp.1000genomes.ebi.ac.uk/vol1/ftp/phase3/data/NA19429/sequence_read/,"https://www.ebi.ac.uk/ena/portal/api/search?result=read_run&format=tsv&limit=0&fields=run_accession,study_accession,first_public,library_strategy,library_layout,instrument_platform,instrument_model,fastq_ftp&query=sample_alias%3D%22NA19429%22%20AND%20tax_eq(9606)","https://www.ebi.ac.uk/ena/portal/api/search?result=read_run&format=tsv&limit=0&fields=run_accession,study_accession,first_public,instrument_model,fastq_ftp,bam_ftp&query=sample_alias%3D%22NA19429%22%20AND%20project_accession%3D%22PRJEB31736%22%20AND%20tax_eq(9606)",positive
HG02836,,,,http://ftp.1000genomes.ebi.ac.uk/vol1/ftp/phase3/data/HG02836/sequence_read/,"https://www.ebi.ac.uk/ena/portal/api/search?result=read_run&format=tsv&limit=0&fields=run_accession,study_accession,first_public,library_strategy,library_layout,instrument_platform,instrument_model,fastq_ftp&query=sample_alias%3D%22HG02836%22%20AND%20tax_eq(9606)","https://www.ebi.ac.uk/ena/portal/api/search?result=read_run&format=tsv&limit=0&fields=run_accession,study_accession,first_public,instrument_model,fastq_ftp,bam_ftp&query=sample_alias%3D%22HG02836%22%20AND%20project_accession%3D%22PRJEB31736%22%20AND%20tax_eq(9606)",positive
NA19177,,,discordant e7/e8 CN (gene conversion list),http://ftp.1000genomes.ebi.ac.uk/vol1/ftp/phase3/data/NA19177/sequence_read/,"https://www.ebi.ac.uk/ena/portal/api/search?result=read_run&format=tsv&limit=0&fields=run_accession,study_accession,first_public,library_strategy,library_layout,instrument_platform,instrument_model,fastq_ftp&query=sample_alias%3D%22NA19177%22%20AND%20tax_eq(9606)","https://www.ebi.ac.uk/ena/portal/api/search?result=read_run&format=tsv&limit=0&fields=run_accession,study_accession,first_public,instrument_model,fastq_ftp,bam_ftp&query=sample_alias%3D%22NA19177%22%20AND%20project_accession%3D%22PRJEB31736%22%20AND%20tax_eq(9606)",positive
NA21527,,,,http://ftp.1000genomes.ebi.ac.uk/vol1/ftp/phase3/data/NA21527/sequence_read/,"https://www.ebi.ac.uk/ena/portal/api/search?result=read_run&format=tsv&limit=0&fields=run_accession,study_accession,first_public,library_strategy,library_layout,instrument_platform,instrument_model,fastq_ftp&query=sample_alias%3D%22NA21527%22%20AND%20tax_eq(9606)","https://www.ebi.ac.uk/ena/portal/api/search?result=read_run&format=tsv&limit=0&fields=run_accession,study_accession,first_public,instrument_model,fastq_ftp,bam_ftp&query=sample_alias%3D%22NA21527%22%20AND%20project_accession%3D%22PRJEB31736%22%20AND%20tax_eq(9606)",positive
NA19249,,,,http://ftp.1000genomes.ebi.ac.uk/vol1/ftp/phase3/data/NA19249/sequence_read/,"https://www.ebi.ac.uk/ena/portal/api/search?result=read_run&format=tsv&limit=0&fields=run_accession,study_accession,first_public,library_strategy,library_layout,instrument_platform,instrument_model,fastq_ftp&query=sample_alias%3D%22NA19249%22%20AND%20tax_eq(9606)","https://www.ebi.ac.uk/ena/portal/api/search?result=read_run&format=tsv&limit=0&fields=run_accession,study_accession,first_public,instrument_model,fastq_ftp,bam_ftp&query=sample_alias%3D%22NA19249%22%20AND%20project_accession%3D%22PRJEB31736%22%20AND%20tax_eq(9606)",positive
NA21526,,,discordant e7/e8 (SMN2 e8=4*),http://ftp.1000genomes.ebi.ac.uk/vol1/ftp/phase3/data/NA21526/sequence_read/,"https://www.ebi.ac.uk/ena/portal/api/search?result=read_run&format=tsv&limit=0&fields=run_accession,study_accession,first_public,library_strategy,library_layout,instrument_platform,instrument_model,fastq_ftp&query=sample_alias%3D%22NA21526%22%20AND%20tax_eq(9606)","https://www.ebi.ac.uk/ena/portal/api/search?result=read_run&format=tsv&limit=0&fields=run_accession,study_accession,first_public,instrument_model,fastq_ftp,bam_ftp&query=sample_alias%3D%22NA21526%22%20AND%20project_accession%3D%22PRJEB31736%22%20AND%20tax_eq(9606)",positive
NA19790,,,,http://ftp.1000genomes.ebi.ac.uk/vol1/ftp/phase3/data/NA19790/sequence_read/,"https://www.ebi.ac.uk/ena/portal/api/search?result=read_run&format=tsv&limit=0&fields=run_accession,study_accession,first_public,library_strategy,library_layout,instrument_platform,instrument_model,fastq_ftp&query=sample_alias%3D%22NA19790%22%20AND%20tax_eq(9606)","https://www.ebi.ac.uk/ena/portal/api/search?result=read_run&format=tsv&limit=0&fields=run_accession,study_accession,first_public,instrument_model,fastq_ftp,bam_ftp&query=sample_alias%3D%22NA19790%22%20AND%20project_accession%3D%22PRJEB31736%22%20AND%20tax_eq(9606)",positive
NA19327,,,,http://ftp.1000genomes.ebi.ac.uk/vol1/ftp/phase3/data/NA19327/sequence_read/,"https://www.ebi.ac.uk/ena/portal/api/search?result=read_run&format=tsv&limit=0&fields=run_accession,study_accession,first_public,library_strategy,library_layout,instrument_platform,instrument_model,fastq_ftp&query=sample_alias%3D%22NA19327%22%20AND%20tax_eq(9606)","https://www.ebi.ac.uk/ena/portal/api/search?result=read_run&format=tsv&limit=0&fields=run_accession,study_accession,first_public,instrument_model,fastq_ftp,bam_ftp&query=sample_alias%3D%22NA19327%22%20AND%20project_accession%3D%22PRJEB31736%22%20AND%20tax_eq(9606)",positive
NA21513,,,,http://ftp.1000genomes.ebi.ac.uk/vol1/ftp/phase3/data/NA21513/sequence_read/,"https://www.ebi.ac.uk/ena/portal/api/search?result=read_run&format=tsv&limit=0&fields=run_accession,study_accession,first_public,library_strategy,library_layout,instrument_platform,instrument_model,fastq_ftp&query=sample_alias%3D%22NA21513%22%20AND%20tax_eq(9606)","https://www.ebi.ac.uk/ena/portal/api/search?result=read_run&format=tsv&limit=0&fields=run_accession,study_accession,first_public,instrument_model,fastq_ftp,bam_ftp&query=sample_alias%3D%22NA21513%22%20AND%20project_accession%3D%22PRJEB31736%22%20AND%20tax_eq(9606)",positive
NA19360,,,"SMN1×4, SMN2×0 (literature)",http://ftp.1000genomes.ebi.ac.uk/vol1/ftp/phase3/data/NA19360/sequence_read/,"https://www.ebi.ac.uk/ena/portal/api/search?result=read_run&format=tsv&limit=0&fields=run_accession,study_accession,first_public,library_strategy,library_layout,instrument_platform,instrument_model,fastq_ftp&query=sample_alias%3D%22NA19360%22%20AND%20tax_eq(9606)","https://www.ebi.ac.uk/ena/portal/api/search?result=read_run&format=tsv&limit=0&fields=run_accession,study_accession,first_public,instrument_model,fastq_ftp,bam_ftp&query=sample_alias%3D%22NA19360%22%20AND%20project_accession%3D%22PRJEB31736%22%20AND%20tax_eq(9606)",positive
HG02697,,,"SMN1×4*, SMN2×2 (MLPA list)",http://ftp.1000genomes.ebi.ac.uk/vol1/ftp/phase3/data/HG02697/sequence_read/,"https://www.ebi.ac.uk/ena/portal/api/search?result=read_run&format=tsv&limit=0&fields=run_accession,study_accession,first_public,library_strategy,library_layout,instrument_platform,instrument_model,fastq_ftp&query=sample_alias%3D%22HG02697%22%20AND%20tax_eq(9606)","https://www.ebi.ac.uk/ena/portal/api/search?result=read_run&format=tsv&limit=0&fields=run_accession,study_accession,first_public,instrument_model,fastq_ftp,bam_ftp&query=sample_alias%3D%22HG02697%22%20AND%20project_accession%3D%22PRJEB31736%22%20AND%20tax_eq(9606)",positive
HG001,,,,http://ftp.1000genomes.ebi.ac.uk/vol1/ftp/phase3/data/HG001/sequence_read/,"https://www.ebi.ac.uk/ena/portal/api/search?result=read_run&format=tsv&limit=0&fields=run_accession,study_accession,first_public,library_strategy,library_layout,instrument_platform,instrument_model,fastq_ftp&query=sample_alias%3D%22HG001%22%20AND%20tax_eq(9606)","https://www.ebi.ac.uk/ena/portal/api/search?result=read_run&format=tsv&limit=0&fields=run_accession,study_accession,first_public,instrument_model,fastq_ftp,bam_ftp&query=sample_alias%3D%22HG001%22%20AND%20project_accession%3D%22PRJEB31736%22%20AND%20tax_eq(9606)",negative_GIAB
HG002,,,,http://ftp.1000genomes.ebi.ac.uk/vol1/ftp/phase3/data/HG002/sequence_read/,"https://www.ebi.ac.uk/ena/portal/api/search?result=read_run&format=tsv&limit=0&fields=run_accession,study_accession,first_public,library_strategy,library_layout,instrument_platform,instrument_model,fastq_ftp&query=sample_alias%3D%22HG002%22%20AND%20tax_eq(9606)","https://www.ebi.ac.uk/ena/portal/api/search?result=read_run&format=tsv&limit=0&fields=run_accession,study_accession,first_public,instrument_model,fastq_ftp,bam_ftp&query=sample_alias%3D%22HG002%22%20AND%20project_accession%3D%22PRJEB31736%22%20AND%20tax_eq(9606)",negative_GIAB
HG003,,,,http://ftp.1000genomes.ebi.ac.uk/vol1/ftp/phase3/data/HG003/sequence_read/,"https://www.ebi.ac.uk/ena/portal/api/search?result=read_run&format=tsv&limit=0&fields=run_accession,study_accession,first_public,library_strategy,library_layout,instrument_platform,instrument_model,fastq_ftp&query=sample_alias%3D%22HG003%22%20AND%20tax_eq(9606)","https://www.ebi.ac.uk/ena/portal/api/search?result=read_run&format=tsv&limit=0&fields=run_accession,study_accession,first_public,instrument_model,fastq_ftp,bam_ftp&query=sample_alias%3D%22HG003%22%20AND%20project_accession%3D%22PRJEB31736%22%20AND%20tax_eq(9606)",negative_GIAB
HG004,,,,http://ftp.1000genomes.ebi.ac.uk/vol1/ftp/phase3/data/HG004/sequence_read/,"https://www.ebi.ac.uk/ena/portal/api/search?result=read_run&format=tsv&limit=0&fields=run_accession,study_accession,first_public,library_strategy,library_layout,instrument_platform,instrument_model,fastq_ftp&query=sample_alias%3D%22HG004%22%20AND%20tax_eq(9606)","https://www.ebi.ac.uk/ena/portal/api/search?result=read_run&format=tsv&limit=0&fields=run_accession,study_accession,first_public,instrument_model,fastq_ftp,bam_ftp&query=sample_alias%3D%22HG004%22%20AND%20project_accession%3D%22PRJEB31736%22%20AND%20tax_eq(9606)",negative_GIAB
HG005,,,,http://ftp.1000genomes.ebi.ac.uk/vol1/ftp/phase3/data/HG005/sequence_read/,"https://www.ebi.ac.uk/ena/portal/api/search?result=read_run&format=tsv&limit=0&fields=run_accession,study_accession,first_public,library_strategy,library_layout,instrument_platform,instrument_model,fastq_ftp&query=sample_alias%3D%22HG005%22%20AND%20tax_eq(9606)","https://www.ebi.ac.uk/ena/portal/api/search?result=read_run&format=tsv&limit=0&fields=run_accession,study_accession,first_public,instrument_model,fastq_ftp,bam_ftp&query=sample_alias%3D%22HG005%22%20AND%20project_accession%3D%22PRJEB31736%22%20AND%20tax_eq(9606)",negative_GIAB
HG006,,,,http://ftp.1000genomes.ebi.ac.uk/vol1/ftp/phase3/data/HG006/sequence_read/,"https://www.ebi.ac.uk/ena/portal/api/search?result=read_run&format=tsv&limit=0&fields=run_accession,study_accession,first_public,library_strategy,library_layout,instrument_platform,instrument_model,fastq_ftp&query=sample_alias%3D%22HG006%22%20AND%20tax_eq(9606)","https://www.ebi.ac.uk/ena/portal/api/search?result=read_run&format=tsv&limit=0&fields=run_accession,study_accession,first_public,instrument_model,fastq_ftp,bam_ftp&query=sample_alias%3D%22HG006%22%20AND%20project_accession%3D%22PRJEB31736%22%20AND%20tax_eq(9606)",negative_GIAB
HG007,,,,http://ftp.1000genomes.ebi.ac.uk/vol1/ftp/phase3/data/HG007/sequence_read/,"https://www.ebi.ac.uk/ena/portal/api/search?result=read_run&format=tsv&limit=0&fields=run_accession,study_accession,first_public,library_strategy,library_layout,instrument_platform,instrument_model,fastq_ftp&query=sample_alias%3D%22HG007%22%20AND%20tax_eq(9606)","https://www.ebi.ac.uk/ena/portal/api/search?result=read_run&format=tsv&limit=0&fields=run_accession,study_accession,first_public,instrument_model,fastq_ftp,bam_ftp&query=sample_alias%3D%22HG007%22%20AND%20project_accession%3D%22PRJEB31736%22%20AND%20tax_eq(9606)",negative_GIAB
