RUNID	SAMPLEID	EXPERIMENTID	LANEID	BARCODEID	LIBPREP	SEQ_VENDOR	SEQ_PLATFORM	ILMN_R1_PATH	ILMN_R2_PATH	PACBIO_R1_PATH	PACBIO_R2_PATH	ONT_R1_PATH	ONT_R2_PATH	UG_R1_PATH	UG_R2_PATH	SUBSAMPLE_PCT	ILMN_TRIM_READ_LENGTH	SAMPLEUSE	BWA_KMER	DEEP_MODEL	ULTIMA_CRAM	ULTIMA_CRAM_ALIGNER	ULTIMA_CRAM_SNV_CALLER	ONT_CRAM	ONT_CRAM_ALIGNER	ONT_CRAM_SNV_CALLER	PB_BAM	PB_BAM_ALIGNER	PB_BAM_SNV_CALLER
HUOIa	HG003	SR1x-ONT1x-I1x	0	D0	PF	UG	ULTIMA	/fsx/data/genomic_data/organism_reads/H_sapiens/giab/NovaSeqX_WHGS_TruSeqPF_HG002-007/downsampled/HG003_1x_R1.fastq.gz	/fsx/data/genomic_data/organism_reads/H_sapiens/giab/NovaSeqX_WHGS_TruSeqPF_HG002-007/downsampled/HG003_1x_R2.fastq.gz									posControl	19	WGS			/fsx/data/genomic_data/organism_reads/H_sapiens/giab/agbt_2026/ug/HG003_1x.cleaned.cram	ug	ug	/fsx/data/genomic_data/organism_reads/H_sapiens/giab/agbt_2026/ont/HG003_3x.cleaned.cram	ont	sentdont			
HUOIa	HG003	SR1x-ONT3x-I1x	1	D0	PF	UG	ULTIMA	/fsx/data/genomic_data/organism_reads/H_sapiens/giab/NovaSeqX_WHGS_TruSeqPF_HG002-007/downsampled/HG003_1x_R1.fastq.gz	/fsx/data/genomic_data/organism_reads/H_sapiens/giab/NovaSeqX_WHGS_TruSeqPF_HG002-007/downsampled/HG003_1x_R2.fastq.gz									posControl	19	WGS			/fsx/data/genomic_data/organism_reads/H_sapiens/giab/agbt_2026/ug/HG003_1x.cleaned.cram	ug	ug	/fsx/data/genomic_data/organism_reads/H_sapiens/giab/agbt_2026/ont/HG003_7x.cleaned.cram	ont	sentdont			
HUOIa	HG003	SR1x-ONT5x-I1x	2	D0	PF	UG	ULTIMA	/fsx/data/genomic_data/organism_reads/H_sapiens/giab/NovaSeqX_WHGS_TruSeqPF_HG002-007/downsampled/HG003_1x_R1.fastq.gz	/fsx/data/genomic_data/organism_reads/H_sapiens/giab/NovaSeqX_WHGS_TruSeqPF_HG002-007/downsampled/HG003_1x_R2.fastq.gz									posControl	19	WGS			/fsx/data/genomic_data/organism_reads/H_sapiens/giab/agbt_2026/ug/HG003_1x.cleaned.cram	ug	ug	/fsx/data/genomic_data/organism_reads/H_sapiens/giab/agbt_2026/ont/HG003_10x.cleaned.cram	ont	sentdont			
HUOIa	HG003	SR1x-ONT7x-I1x	3	D0	PF	UG	ULTIMA	/fsx/data/genomic_data/organism_reads/H_sapiens/giab/NovaSeqX_WHGS_TruSeqPF_HG002-007/downsampled/HG003_1x_R1.fastq.gz	/fsx/data/genomic_data/organism_reads/H_sapiens/giab/NovaSeqX_WHGS_TruSeqPF_HG002-007/downsampled/HG003_1x_R2.fastq.gz									posControl	19	WGS			/fsx/data/genomic_data/organism_reads/H_sapiens/giab/agbt_2026/ug/HG003_1x.cleaned.cram	ug	ug	/fsx/data/genomic_data/organism_reads/H_sapiens/giab/agbt_2026/ont/HG003_15x.cleaned.cram	ont	sentdont			
HUOIa	HG003	SR1x-ONT10x-I1x	4	D0	PF	UG	ULTIMA	/fsx/data/genomic_data/organism_reads/H_sapiens/giab/NovaSeqX_WHGS_TruSeqPF_HG002-007/downsampled/HG003_1x_R1.fastq.gz	/fsx/data/genomic_data/organism_reads/H_sapiens/giab/NovaSeqX_WHGS_TruSeqPF_HG002-007/downsampled/HG003_1x_R2.fastq.gz									posControl	19	WGS			/fsx/data/genomic_data/organism_reads/H_sapiens/giab/agbt_2026/ug/HG003_1x.cleaned.cram	ug	ug	/fsx/data/genomic_data/organism_reads/H_sapiens/giab/agbt_2026/ont/HG003_20x.cleaned.cram	ont	sentdont			
HUOIa	HG003	SR1x-ONT15x-I1x	5	D0	PF	UG	ULTIMA	/fsx/data/genomic_data/organism_reads/H_sapiens/giab/NovaSeqX_WHGS_TruSeqPF_HG002-007/downsampled/HG003_1x_R1.fastq.gz	/fsx/data/genomic_data/organism_reads/H_sapiens/giab/NovaSeqX_WHGS_TruSeqPF_HG002-007/downsampled/HG003_1x_R2.fastq.gz									posControl	19	WGS			/fsx/data/genomic_data/organism_reads/H_sapiens/giab/agbt_2026/ug/HG003_1x.cleaned.cram	ug	ug	/fsx/data/genomic_data/organism_reads/H_sapiens/giab/agbt_2026/ont/HG003_15xactual.cleaned.cram	ont	sentdont			
HUOIa	HG003	SR3x-ONT1x-I3x	6	D0	PF	UG	ULTIMA	/fsx/data/genomic_data/organism_reads/H_sapiens/giab/NovaSeqX_WHGS_TruSeqPF_HG002-007/downsampled/HG003_3x_R1.fastq.gz	/fsx/data/genomic_data/organism_reads/H_sapiens/giab/NovaSeqX_WHGS_TruSeqPF_HG002-007/downsampled/HG003_3x_R2.fastq.gz									posControl	19	WGS			/fsx/data/genomic_data/organism_reads/H_sapiens/giab/agbt_2026/ug/HG003_3x.cleaned.cram	ug	ug	/fsx/data/genomic_data/organism_reads/H_sapiens/giab/agbt_2026/ont/HG003_3x.cleaned.cram	ont	sentdont			
HUOIa	HG003	SR3x-ONT3x-I3x	7	D0	PF	UG	ULTIMA	/fsx/data/genomic_data/organism_reads/H_sapiens/giab/NovaSeqX_WHGS_TruSeqPF_HG002-007/downsampled/HG003_3x_R1.fastq.gz	/fsx/data/genomic_data/organism_reads/H_sapiens/giab/NovaSeqX_WHGS_TruSeqPF_HG002-007/downsampled/HG003_3x_R2.fastq.gz									posControl	19	WGS			/fsx/data/genomic_data/organism_reads/H_sapiens/giab/agbt_2026/ug/HG003_3x.cleaned.cram	ug	ug	/fsx/data/genomic_data/organism_reads/H_sapiens/giab/agbt_2026/ont/HG003_7x.cleaned.cram	ont	sentdont			
HUOIa	HG003	SR3x-ONT5x-I3x	8	D0	PF	UG	ULTIMA	/fsx/data/genomic_data/organism_reads/H_sapiens/giab/NovaSeqX_WHGS_TruSeqPF_HG002-007/downsampled/HG003_3x_R1.fastq.gz	/fsx/data/genomic_data/organism_reads/H_sapiens/giab/NovaSeqX_WHGS_TruSeqPF_HG002-007/downsampled/HG003_3x_R2.fastq.gz									posControl	19	WGS			/fsx/data/genomic_data/organism_reads/H_sapiens/giab/agbt_2026/ug/HG003_3x.cleaned.cram	ug	ug	/fsx/data/genomic_data/organism_reads/H_sapiens/giab/agbt_2026/ont/HG003_10x.cleaned.cram	ont	sentdont			
HUOIa	HG003	SR3x-ONT7x-I3x	9	D0	PF	UG	ULTIMA	/fsx/data/genomic_data/organism_reads/H_sapiens/giab/NovaSeqX_WHGS_TruSeqPF_HG002-007/downsampled/HG003_3x_R1.fastq.gz	/fsx/data/genomic_data/organism_reads/H_sapiens/giab/NovaSeqX_WHGS_TruSeqPF_HG002-007/downsampled/HG003_3x_R2.fastq.gz									posControl	19	WGS			/fsx/data/genomic_data/organism_reads/H_sapiens/giab/agbt_2026/ug/HG003_3x.cleaned.cram	ug	ug	/fsx/data/genomic_data/organism_reads/H_sapiens/giab/agbt_2026/ont/HG003_15x.cleaned.cram	ont	sentdont			
HUOIa	HG003	SR3x-ONT10x-I3x	10	D0	PF	UG	ULTIMA	/fsx/data/genomic_data/organism_reads/H_sapiens/giab/NovaSeqX_WHGS_TruSeqPF_HG002-007/downsampled/HG003_3x_R1.fastq.gz	/fsx/data/genomic_data/organism_reads/H_sapiens/giab/NovaSeqX_WHGS_TruSeqPF_HG002-007/downsampled/HG003_3x_R2.fastq.gz									posControl	19	WGS			/fsx/data/genomic_data/organism_reads/H_sapiens/giab/agbt_2026/ug/HG003_3x.cleaned.cram	ug	ug	/fsx/data/genomic_data/organism_reads/H_sapiens/giab/agbt_2026/ont/HG003_20x.cleaned.cram	ont	sentdont			
HUOIa	HG003	SR3x-ONT15x-I3x	11	D0	PF	UG	ULTIMA	/fsx/data/genomic_data/organism_reads/H_sapiens/giab/NovaSeqX_WHGS_TruSeqPF_HG002-007/downsampled/HG003_3x_R1.fastq.gz	/fsx/data/genomic_data/organism_reads/H_sapiens/giab/NovaSeqX_WHGS_TruSeqPF_HG002-007/downsampled/HG003_3x_R2.fastq.gz									posControl	19	WGS			/fsx/data/genomic_data/organism_reads/H_sapiens/giab/agbt_2026/ug/HG003_3x.cleaned.cram	ug	ug	/fsx/data/genomic_data/organism_reads/H_sapiens/giab/agbt_2026/ont/HG003_15xactual.cleaned.cram	ont	sentdont			
HUOIa	HG003	SR5x-ONT1x-I5x	12	D0	PF	UG	ULTIMA	/fsx/data/genomic_data/organism_reads/H_sapiens/giab/NovaSeqX_WHGS_TruSeqPF_HG002-007/downsampled/HG003_5x_R1.fastq.gz	/fsx/data/genomic_data/organism_reads/H_sapiens/giab/NovaSeqX_WHGS_TruSeqPF_HG002-007/downsampled/HG003_5x_R2.fastq.gz									posControl	19	WGS			/fsx/data/genomic_data/organism_reads/H_sapiens/giab/agbt_2026/ug/HG003_5x.cleaned.cram	ug	ug	/fsx/data/genomic_data/organism_reads/H_sapiens/giab/agbt_2026/ont/HG003_3x.cleaned.cram	ont	sentdont			
HUOIa	HG003	SR5x-ONT3x-I5x	13	D0	PF	UG	ULTIMA	/fsx/data/genomic_data/organism_reads/H_sapiens/giab/NovaSeqX_WHGS_TruSeqPF_HG002-007/downsampled/HG003_5x_R1.fastq.gz	/fsx/data/genomic_data/organism_reads/H_sapiens/giab/NovaSeqX_WHGS_TruSeqPF_HG002-007/downsampled/HG003_5x_R2.fastq.gz									posControl	19	WGS			/fsx/data/genomic_data/organism_reads/H_sapiens/giab/agbt_2026/ug/HG003_5x.cleaned.cram	ug	ug	/fsx/data/genomic_data/organism_reads/H_sapiens/giab/agbt_2026/ont/HG003_7x.cleaned.cram	ont	sentdont			
HUOIa	HG003	SR5x-ONT5x-I5x	14	D0	PF	UG	ULTIMA	/fsx/data/genomic_data/organism_reads/H_sapiens/giab/NovaSeqX_WHGS_TruSeqPF_HG002-007/downsampled/HG003_5x_R1.fastq.gz	/fsx/data/genomic_data/organism_reads/H_sapiens/giab/NovaSeqX_WHGS_TruSeqPF_HG002-007/downsampled/HG003_5x_R2.fastq.gz									posControl	19	WGS			/fsx/data/genomic_data/organism_reads/H_sapiens/giab/agbt_2026/ug/HG003_5x.cleaned.cram	ug	ug	/fsx/data/genomic_data/organism_reads/H_sapiens/giab/agbt_2026/ont/HG003_10x.cleaned.cram	ont	sentdont			
HUOIa	HG003	SR5x-ONT7x-I5x	15	D0	PF	UG	ULTIMA	/fsx/data/genomic_data/organism_reads/H_sapiens/giab/NovaSeqX_WHGS_TruSeqPF_HG002-007/downsampled/HG003_5x_R1.fastq.gz	/fsx/data/genomic_data/organism_reads/H_sapiens/giab/NovaSeqX_WHGS_TruSeqPF_HG002-007/downsampled/HG003_5x_R2.fastq.gz									posControl	19	WGS			/fsx/data/genomic_data/organism_reads/H_sapiens/giab/agbt_2026/ug/HG003_5x.cleaned.cram	ug	ug	/fsx/data/genomic_data/organism_reads/H_sapiens/giab/agbt_2026/ont/HG003_15x.cleaned.cram	ont	sentdont			
HUOIa	HG003	SR5x-ONT10x-I5x	16	D0	PF	UG	ULTIMA	/fsx/data/genomic_data/organism_reads/H_sapiens/giab/NovaSeqX_WHGS_TruSeqPF_HG002-007/downsampled/HG003_5x_R1.fastq.gz	/fsx/data/genomic_data/organism_reads/H_sapiens/giab/NovaSeqX_WHGS_TruSeqPF_HG002-007/downsampled/HG003_5x_R2.fastq.gz									posControl	19	WGS			/fsx/data/genomic_data/organism_reads/H_sapiens/giab/agbt_2026/ug/HG003_5x.cleaned.cram	ug	ug	/fsx/data/genomic_data/organism_reads/H_sapiens/giab/agbt_2026/ont/HG003_20x.cleaned.cram	ont	sentdont			
HUOIa	HG003	SR5x-ONT15x-I5x	17	D0	PF	UG	ULTIMA	/fsx/data/genomic_data/organism_reads/H_sapiens/giab/NovaSeqX_WHGS_TruSeqPF_HG002-007/downsampled/HG003_5x_R1.fastq.gz	/fsx/data/genomic_data/organism_reads/H_sapiens/giab/NovaSeqX_WHGS_TruSeqPF_HG002-007/downsampled/HG003_5x_R2.fastq.gz									posControl	19	WGS			/fsx/data/genomic_data/organism_reads/H_sapiens/giab/agbt_2026/ug/HG003_5x.cleaned.cram	ug	ug	/fsx/data/genomic_data/organism_reads/H_sapiens/giab/agbt_2026/ont/HG003_15xactual.cleaned.cram	ont	sentdont			
HUOIa	HG003	SR7x-ONT1x-I7x	18	D0	PF	UG	ULTIMA	/fsx/scratch/downsamples/ilmn/HG003/7x/HG003_7x_R1.fastq.gz	/fsx/scratch/downsamples/ilmn/HG003/7x/HG003_7x_R2.fastq.gz									posControl	19	WGS			/fsx/data/genomic_data/organism_reads/H_sapiens/giab/agbt_2026/ug/HG003_7x.cleaned.cram	ug	ug	/fsx/data/genomic_data/organism_reads/H_sapiens/giab/agbt_2026/ont/HG003_3x.cleaned.cram	ont	sentdont			
HUOIa	HG003	SR7x-ONT3x-I7x	19	D0	PF	UG	ULTIMA	/fsx/scratch/downsamples/ilmn/HG003/7x/HG003_7x_R1.fastq.gz	/fsx/scratch/downsamples/ilmn/HG003/7x/HG003_7x_R2.fastq.gz									posControl	19	WGS			/fsx/data/genomic_data/organism_reads/H_sapiens/giab/agbt_2026/ug/HG003_7x.cleaned.cram	ug	ug	/fsx/data/genomic_data/organism_reads/H_sapiens/giab/agbt_2026/ont/HG003_7x.cleaned.cram	ont	sentdont			
HUOIa	HG003	SR7x-ONT5x-I7x	20	D0	PF	UG	ULTIMA	/fsx/scratch/downsamples/ilmn/HG003/7x/HG003_7x_R1.fastq.gz	/fsx/scratch/downsamples/ilmn/HG003/7x/HG003_7x_R2.fastq.gz									posControl	19	WGS			/fsx/data/genomic_data/organism_reads/H_sapiens/giab/agbt_2026/ug/HG003_7x.cleaned.cram	ug	ug	/fsx/data/genomic_data/organism_reads/H_sapiens/giab/agbt_2026/ont/HG003_10x.cleaned.cram	ont	sentdont			
HUOIa	HG003	SR7x-ONT7x-I7x	21	D0	PF	UG	ULTIMA	/fsx/scratch/downsamples/ilmn/HG003/7x/HG003_7x_R1.fastq.gz	/fsx/scratch/downsamples/ilmn/HG003/7x/HG003_7x_R2.fastq.gz									posControl	19	WGS			/fsx/data/genomic_data/organism_reads/H_sapiens/giab/agbt_2026/ug/HG003_7x.cleaned.cram	ug	ug	/fsx/data/genomic_data/organism_reads/H_sapiens/giab/agbt_2026/ont/HG003_15x.cleaned.cram	ont	sentdont			
HUOIa	HG003	SR7x-ONT10x-I7x	22	D0	PF	UG	ULTIMA	/fsx/scratch/downsamples/ilmn/HG003/7x/HG003_7x_R1.fastq.gz	/fsx/scratch/downsamples/ilmn/HG003/7x/HG003_7x_R2.fastq.gz									posControl	19	WGS			/fsx/data/genomic_data/organism_reads/H_sapiens/giab/agbt_2026/ug/HG003_7x.cleaned.cram	ug	ug	/fsx/data/genomic_data/organism_reads/H_sapiens/giab/agbt_2026/ont/HG003_20x.cleaned.cram	ont	sentdont			
HUOIa	HG003	SR7x-ONT15x-I7x	23	D0	PF	UG	ULTIMA	/fsx/scratch/downsamples/ilmn/HG003/7x/HG003_7x_R1.fastq.gz	/fsx/scratch/downsamples/ilmn/HG003/7x/HG003_7x_R2.fastq.gz									posControl	19	WGS			/fsx/data/genomic_data/organism_reads/H_sapiens/giab/agbt_2026/ug/HG003_7x.cleaned.cram	ug	ug	/fsx/data/genomic_data/organism_reads/H_sapiens/giab/agbt_2026/ont/HG003_15xactual.cleaned.cram	ont	sentdont			
HUOIa	HG003	SR10x-ONT1x-I10x	24	D0	PF	UG	ULTIMA	/fsx/data/genomic_data/organism_reads/H_sapiens/giab/NovaSeqX_WHGS_TruSeqPF_HG002-007/downsampled/HG003_10x_R1.fastq.gz	/fsx/data/genomic_data/organism_reads/H_sapiens/giab/NovaSeqX_WHGS_TruSeqPF_HG002-007/downsampled/HG003_10x_R2.fastq.gz									posControl	19	WGS			/fsx/data/genomic_data/organism_reads/H_sapiens/giab/agbt_2026/ug/HG003_10x.cleaned.cram	ug	ug	/fsx/data/genomic_data/organism_reads/H_sapiens/giab/agbt_2026/ont/HG003_3x.cleaned.cram	ont	sentdont			
HUOIa	HG003	SR10x-ONT3x-I10x	25	D0	PF	UG	ULTIMA	/fsx/data/genomic_data/organism_reads/H_sapiens/giab/NovaSeqX_WHGS_TruSeqPF_HG002-007/downsampled/HG003_10x_R1.fastq.gz	/fsx/data/genomic_data/organism_reads/H_sapiens/giab/NovaSeqX_WHGS_TruSeqPF_HG002-007/downsampled/HG003_10x_R2.fastq.gz									posControl	19	WGS			/fsx/data/genomic_data/organism_reads/H_sapiens/giab/agbt_2026/ug/HG003_10x.cleaned.cram	ug	ug	/fsx/data/genomic_data/organism_reads/H_sapiens/giab/agbt_2026/ont/HG003_7x.cleaned.cram	ont	sentdont			
HUOIa	HG003	SR10x-ONT5x-I10x	26	D0	PF	UG	ULTIMA	/fsx/data/genomic_data/organism_reads/H_sapiens/giab/NovaSeqX_WHGS_TruSeqPF_HG002-007/downsampled/HG003_10x_R1.fastq.gz	/fsx/data/genomic_data/organism_reads/H_sapiens/giab/NovaSeqX_WHGS_TruSeqPF_HG002-007/downsampled/HG003_10x_R2.fastq.gz									posControl	19	WGS			/fsx/data/genomic_data/organism_reads/H_sapiens/giab/agbt_2026/ug/HG003_10x.cleaned.cram	ug	ug	/fsx/data/genomic_data/organism_reads/H_sapiens/giab/agbt_2026/ont/HG003_10x.cleaned.cram	ont	sentdont			
HUOIa	HG003	SR10x-ONT7x-I10x	27	D0	PF	UG	ULTIMA	/fsx/data/genomic_data/organism_reads/H_sapiens/giab/NovaSeqX_WHGS_TruSeqPF_HG002-007/downsampled/HG003_10x_R1.fastq.gz	/fsx/data/genomic_data/organism_reads/H_sapiens/giab/NovaSeqX_WHGS_TruSeqPF_HG002-007/downsampled/HG003_10x_R2.fastq.gz									posControl	19	WGS			/fsx/data/genomic_data/organism_reads/H_sapiens/giab/agbt_2026/ug/HG003_10x.cleaned.cram	ug	ug	/fsx/data/genomic_data/organism_reads/H_sapiens/giab/agbt_2026/ont/HG003_15x.cleaned.cram	ont	sentdont			
HUOIa	HG003	SR10x-ONT10x-I10x	28	D0	PF	UG	ULTIMA	/fsx/data/genomic_data/organism_reads/H_sapiens/giab/NovaSeqX_WHGS_TruSeqPF_HG002-007/downsampled/HG003_10x_R1.fastq.gz	/fsx/data/genomic_data/organism_reads/H_sapiens/giab/NovaSeqX_WHGS_TruSeqPF_HG002-007/downsampled/HG003_10x_R2.fastq.gz									posControl	19	WGS			/fsx/data/genomic_data/organism_reads/H_sapiens/giab/agbt_2026/ug/HG003_10x.cleaned.cram	ug	ug	/fsx/data/genomic_data/organism_reads/H_sapiens/giab/agbt_2026/ont/HG003_20x.cleaned.cram	ont	sentdont			
HUOIa	HG003	SR10x-ONT15x-I10x	29	D0	PF	UG	ULTIMA	/fsx/data/genomic_data/organism_reads/H_sapiens/giab/NovaSeqX_WHGS_TruSeqPF_HG002-007/downsampled/HG003_10x_R1.fastq.gz	/fsx/data/genomic_data/organism_reads/H_sapiens/giab/NovaSeqX_WHGS_TruSeqPF_HG002-007/downsampled/HG003_10x_R2.fastq.gz									posControl	19	WGS			/fsx/data/genomic_data/organism_reads/H_sapiens/giab/agbt_2026/ug/HG003_10x.cleaned.cram	ug	ug	/fsx/data/genomic_data/organism_reads/H_sapiens/giab/agbt_2026/ont/HG003_15xactual.cleaned.cram	ont	sentdont			
HUOIa	HG003	SR15x-ONT1x-I15x	30	D0	PF	UG	ULTIMA	/fsx/data/genomic_data/organism_reads/H_sapiens/giab/NovaSeqX_WHGS_TruSeqPF_HG002-007/downsampled/HG003_15x_R1.fastq.gz	/fsx/data/genomic_data/organism_reads/H_sapiens/giab/NovaSeqX_WHGS_TruSeqPF_HG002-007/downsampled/HG003_15x_R2.fastq.gz									posControl	19	WGS			/fsx/data/genomic_data/organism_reads/H_sapiens/giab/agbt_2026/ug/HG003_15x.cleaned.cram	ug	ug	/fsx/data/genomic_data/organism_reads/H_sapiens/giab/agbt_2026/ont/HG003_3x.cleaned.cram	ont	sentdont			
HUOIa	HG003	SR15x-ONT3x-I15x	31	D0	PF	UG	ULTIMA	/fsx/data/genomic_data/organism_reads/H_sapiens/giab/NovaSeqX_WHGS_TruSeqPF_HG002-007/downsampled/HG003_15x_R1.fastq.gz	/fsx/data/genomic_data/organism_reads/H_sapiens/giab/NovaSeqX_WHGS_TruSeqPF_HG002-007/downsampled/HG003_15x_R2.fastq.gz									posControl	19	WGS			/fsx/data/genomic_data/organism_reads/H_sapiens/giab/agbt_2026/ug/HG003_15x.cleaned.cram	ug	ug	/fsx/data/genomic_data/organism_reads/H_sapiens/giab/agbt_2026/ont/HG003_7x.cleaned.cram	ont	sentdont			
HUOIa	HG003	SR15x-ONT5x-I15x	32	D0	PF	UG	ULTIMA	/fsx/data/genomic_data/organism_reads/H_sapiens/giab/NovaSeqX_WHGS_TruSeqPF_HG002-007/downsampled/HG003_15x_R1.fastq.gz	/fsx/data/genomic_data/organism_reads/H_sapiens/giab/NovaSeqX_WHGS_TruSeqPF_HG002-007/downsampled/HG003_15x_R2.fastq.gz									posControl	19	WGS			/fsx/data/genomic_data/organism_reads/H_sapiens/giab/agbt_2026/ug/HG003_15x.cleaned.cram	ug	ug	/fsx/data/genomic_data/organism_reads/H_sapiens/giab/agbt_2026/ont/HG003_10x.cleaned.cram	ont	sentdont			
HUOIa	HG003	SR15x-ONT7x-I15x	33	D0	PF	UG	ULTIMA	/fsx/data/genomic_data/organism_reads/H_sapiens/giab/NovaSeqX_WHGS_TruSeqPF_HG002-007/downsampled/HG003_15x_R1.fastq.gz	/fsx/data/genomic_data/organism_reads/H_sapiens/giab/NovaSeqX_WHGS_TruSeqPF_HG002-007/downsampled/HG003_15x_R2.fastq.gz									posControl	19	WGS			/fsx/data/genomic_data/organism_reads/H_sapiens/giab/agbt_2026/ug/HG003_15x.cleaned.cram	ug	ug	/fsx/data/genomic_data/organism_reads/H_sapiens/giab/agbt_2026/ont/HG003_15x.cleaned.cram	ont	sentdont			
HUOIa	HG003	SR15x-ONT10x-I15x	34	D0	PF	UG	ULTIMA	/fsx/data/genomic_data/organism_reads/H_sapiens/giab/NovaSeqX_WHGS_TruSeqPF_HG002-007/downsampled/HG003_15x_R1.fastq.gz	/fsx/data/genomic_data/organism_reads/H_sapiens/giab/NovaSeqX_WHGS_TruSeqPF_HG002-007/downsampled/HG003_15x_R2.fastq.gz									posControl	19	WGS			/fsx/data/genomic_data/organism_reads/H_sapiens/giab/agbt_2026/ug/HG003_15x.cleaned.cram	ug	ug	/fsx/data/genomic_data/organism_reads/H_sapiens/giab/agbt_2026/ont/HG003_20x.cleaned.cram	ont	sentdont			
HUOIa	HG003	SR15x-ONT15x-I15x	35	D0	PF	UG	ULTIMA	/fsx/data/genomic_data/organism_reads/H_sapiens/giab/NovaSeqX_WHGS_TruSeqPF_HG002-007/downsampled/HG003_15x_R1.fastq.gz	/fsx/data/genomic_data/organism_reads/H_sapiens/giab/NovaSeqX_WHGS_TruSeqPF_HG002-007/downsampled/HG003_15x_R2.fastq.gz									posControl	19	WGS			/fsx/data/genomic_data/organism_reads/H_sapiens/giab/agbt_2026/ug/HG003_15x.cleaned.cram	ug	ug	/fsx/data/genomic_data/organism_reads/H_sapiens/giab/agbt_2026/ont/HG003_15xactual.cleaned.cram	ont	sentdont			

