mqc_id	VariantClass	Sample	TgtRegionSize	TN	FN	TP	FP	Fscore	Sensitivity-Recall	Specificity	FDR	PPV	Precision	AltId	ROI	AllVarMeanDP	CovBin	Aligner	SNVCaller
HIOa-HG003-SR15x-ONT15x-39-D0-PF-ILMN-NOVASEQ-ont-sentdhiomr-SNPts	SNPts	HIOa-HG003-SR15x-ONT15x-39-D0-PF-ILMN-NOVASEQ	2505355380.0	2503152242.0	3816.0	2199322.0	2066.0	0.998664555504951	0.9982679251140872	0.9999991746413741	0.0009384988016651313	0.9990615011983349	0.9990615011983349	HG003	giabHC_x_ultima	-1	-2	ont	sentdhiomr
HIOa-HG003-SR15x-ONT15x-39-D0-PF-ILMN-NOVASEQ-ont-sentdhiomr-SNPtv	SNPtv	HIOa-HG003-SR15x-ONT15x-39-D0-PF-ILMN-NOVASEQ	2505355380.0	2504320941.0	1941.0	1032498.0	1268.0	0.9984484129958104	0.9981236206291526	0.9999994936753763	0.0012265831919409228	0.9987734168080591	0.9987734168080591	HG003	giabHC_x_ultima	-1	-2	ont	sentdhiomr
HIOa-HG003-SR15x-ONT15x-39-D0-PF-ILMN-NOVASEQ-ont-sentdhiomr-INS_50	INS_50	HIOa-HG003-SR15x-ONT15x-39-D0-PF-ILMN-NOVASEQ	2505355380.0	2505201464.0	759.0	153157.0	334.0	0.9964444531191546	0.9950687387925882	0.9999998666774069	0.002176023349903252	0.9978239766500967	0.9978239766500967	HG003	giabHC_x_ultima	-1	-2	ont	sentdhiomr
HIOa-HG003-SR15x-ONT15x-39-D0-PF-ILMN-NOVASEQ-ont-sentdhiomr-INS_gt50	INS_gt50	HIOa-HG003-SR15x-ONT15x-39-D0-PF-ILMN-NOVASEQ	2505355380.0	2505355380.0	0.0	0.0	1.0			0.9999999996008551	1.0	0.0	0.0	HG003	giabHC_x_ultima	-1	-2	ont	sentdhiomr
HIOa-HG003-SR15x-ONT15x-39-D0-PF-ILMN-NOVASEQ-ont-sentdhiomr-DEL_50	DEL_50	HIOa-HG003-SR15x-ONT15x-39-D0-PF-ILMN-NOVASEQ	2505355380.0	2505189747.0	762.0	164871.0	225.0	0.9970156835354625	0.995399467497419	0.999999910186452	0.0013628434365460095	0.998637156563454	0.998637156563454	HG003	giabHC_x_ultima	-1	-2	ont	sentdhiomr
HIOa-HG003-SR15x-ONT15x-39-D0-PF-ILMN-NOVASEQ-ont-sentdhiomr-DEL_gt50	DEL_gt50	HIOa-HG003-SR15x-ONT15x-39-D0-PF-ILMN-NOVASEQ	2505355380.0	2505355380.0	0.0	0.0	5.0			0.9999999980042752	1.0	0.0	0.0	HG003	giabHC_x_ultima	-1	-2	ont	sentdhiomr
HIOa-HG003-SR15x-ONT15x-39-D0-PF-ILMN-NOVASEQ-ont-sentdhiomr-Indel_50	Indel_50	HIOa-HG003-SR15x-ONT15x-39-D0-PF-ILMN-NOVASEQ	2505355380.0	2505341899.0	42.0	13439.0	0.0	0.998439821693908	0.9968845041169053	1.0	0.0	1.0	1.0	HG003	giabHC_x_ultima	-1	-2	ont	sentdhiomr
HIOa-HG003-SR15x-ONT15x-39-D0-PF-ILMN-NOVASEQ-ont-sentdhiomr-Indel_gt50	Indel_gt50	HIOa-HG003-SR15x-ONT15x-39-D0-PF-ILMN-NOVASEQ	2505355380.0	2505355038.0	0.0	342.0	0.0	1.0	1.0	1.0	0.0	1.0	1.0	HG003	giabHC_x_ultima	-1	-2	ont	sentdhiomr
HIOa-HG003-SR15x-ONT15x-39-D0-PF-ILMN-NOVASEQ-ont-sentdhiomr-All	All	HIOa-HG003-SR15x-ONT15x-39-D0-PF-ILMN-NOVASEQ	2505355380.0	2501784431.0	7320.0	3563629.0	3899.0	0.9984283762488833	0.9979501247427505	0.9999984415148343	0.0010929136365573024	0.9989070863634427	0.9989070863634427	HG003	giabHC_x_ultima	-1	-2	ont	sentdhiomr
HIOa-HG003-SR15x-ONT15x-39-D0-PF-ILMN-NOVASEQ-ont-sentdhiomr-SNPts	SNPts	HIOa-HG003-SR15x-ONT15x-39-D0-PF-ILMN-NOVASEQ	3088286401.0	3085963966.0	7684.0	2314751.0	384979.0	0.9218139985444525	0.9966914036345473	0.9998752639423278	0.14259907472228706	0.8574009252777129	0.8574009252777129	HG003	hg38	-1	-2	ont	sentdhiomr
HIOa-HG003-SR15x-ONT15x-39-D0-PF-ILMN-NOVASEQ-ont-sentdhiomr-SNPtv	SNPtv	HIOa-HG003-SR15x-ONT15x-39-D0-PF-ILMN-NOVASEQ	3088286401.0	3087179820.0	4050.0	1102531.0	329367.0	0.8686548125865922	0.9963400781325542	0.9998933227465729	0.23002127246493814	0.7699787275350618	0.7699787275350618	HG003	hg38	-1	-2	ont	sentdhiomr
HIOa-HG003-SR15x-ONT15x-39-D0-PF-ILMN-NOVASEQ-ont-sentdhiomr-INS_50	INS_50	HIOa-HG003-SR15x-ONT15x-39-D0-PF-ILMN-NOVASEQ	3088286401.0	3088029683.0	3245.0	253473.0	170023.0	0.7452742813291111	0.9873596709229583	0.999944944298884	0.40147486635056767	0.5985251336494324	0.5985251336494324	HG003	hg38	-1	-2	ont	sentdhiomr
HIOa-HG003-SR15x-ONT15x-39-D0-PF-ILMN-NOVASEQ-ont-sentdhiomr-INS_gt50	INS_gt50	HIOa-HG003-SR15x-ONT15x-39-D0-PF-ILMN-NOVASEQ	3088286401.0	3088286167.0	120.0	114.0	2804.0	0.07233502538071067	0.48717948717948717	0.9999990920538764	0.9609321453050035	0.03906785469499652	0.03906785469499657	HG003	hg38	-1	-2	ont	sentdhiomr
HIOa-HG003-SR15x-ONT15x-39-D0-PF-ILMN-NOVASEQ-ont-sentdhiomr-DEL_50	DEL_50	HIOa-HG003-SR15x-ONT15x-39-D0-PF-ILMN-NOVASEQ	3088286401.0	3088015687.0	2908.0	267806.0	172894.0	0.7528836936017564	0.9892580361562386	0.9999440144293442	0.39231676877694577	0.6076832312230542	0.6076832312230542	HG003	hg38	-1	-2	ont	sentdhiomr
HIOa-HG003-SR15x-ONT15x-39-D0-PF-ILMN-NOVASEQ-ont-sentdhiomr-DEL_gt50	DEL_gt50	HIOa-HG003-SR15x-ONT15x-39-D0-PF-ILMN-NOVASEQ	3088286401.0	3088286264.0	48.0	89.0	3387.0	0.04926653750345973	0.6496350364963503	0.9999989032764466	0.9743958573072498	0.025604142692750242	0.025604142692750288	HG003	hg38	-1	-2	ont	sentdhiomr
HIOa-HG003-SR15x-ONT15x-39-D0-PF-ILMN-NOVASEQ-ont-sentdhiomr-Indel_50	Indel_50	HIOa-HG003-SR15x-ONT15x-39-D0-PF-ILMN-NOVASEQ	3088286401.0	3088245928.0	471.0	40002.0	36711.0	0.6827095386820952	0.9883626121117782	0.9999881128108107	0.4785499198310586	0.5214500801689415	0.5214500801689413	HG003	hg38	-1	-2	ont	sentdhiomr
HIOa-HG003-SR15x-ONT15x-39-D0-PF-ILMN-NOVASEQ-ont-sentdhiomr-Indel_gt50	Indel_gt50	HIOa-HG003-SR15x-ONT15x-39-D0-PF-ILMN-NOVASEQ	3088286401.0	3088284952.0	62.0	1387.0	1839.0	0.5933689839572193	0.9572118702553485	0.9999994045242154	0.5700557966522009	0.42994420334779915	0.42994420334779915	HG003	hg38	-1	-2	ont	sentdhiomr
HIOa-HG003-SR15x-ONT15x-39-D0-PF-ILMN-NOVASEQ-ont-sentdhiomr-All	All	HIOa-HG003-SR15x-ONT15x-39-D0-PF-ILMN-NOVASEQ	3088286401.0	3084287660.0	18588.0	3980153.0	1102004.0	0.8765989883379375	0.9953515368962381	0.9996428314994187	0.2168378505425944	0.7831621494574056	0.7831621494574056	HG003	hg38	-1	-2	ont	sentdhiomr
HIOa-HG003-SR15x-ONT15x-39-D0-PF-ILMN-NOVASEQ-ont-sentdhiomr-SNPts	SNPts	HIOa-HG003-SR15x-ONT15x-39-D0-PF-ILMN-NOVASEQ	332544085.0	332287243.0	791.0	256051.0	265.0	0.997942154268276	0.9969202856230679	0.9999992024978561	0.0010338800543079636	0.9989661199456921	0.9989661199456921	HG003	giabHC_x_ultima_x_clinvar	-1	-2	ont	sentdhiomr
HIOa-HG003-SR15x-ONT15x-39-D0-PF-ILMN-NOVASEQ-ont-sentdhiomr-SNPtv	SNPtv	HIOa-HG003-SR15x-ONT15x-39-D0-PF-ILMN-NOVASEQ	332544085.0	332429473.0	401.0	114211.0	152.0	0.9975848891800414	0.9965012389627613	0.9999995427603662	0.0013291011953166672	0.9986708988046833	0.9986708988046833	HG003	giabHC_x_ultima_x_clinvar	-1	-2	ont	sentdhiomr
HIOa-HG003-SR15x-ONT15x-39-D0-PF-ILMN-NOVASEQ-ont-sentdhiomr-INS_50	INS_50	HIOa-HG003-SR15x-ONT15x-39-D0-PF-ILMN-NOVASEQ	332544085.0	332526562.0	97.0	17426.0	29.0	0.9963977357195951	0.9944644181932317	0.9999999127889294	0.0016614150673159554	0.998338584932684	0.998338584932684	HG003	giabHC_x_ultima_x_clinvar	-1	-2	ont	sentdhiomr
HIOa-HG003-SR15x-ONT15x-39-D0-PF-ILMN-NOVASEQ-ont-sentdhiomr-INS_gt50	INS_gt50	HIOa-HG003-SR15x-ONT15x-39-D0-PF-ILMN-NOVASEQ	332544085.0	332544085.0	0.0	0.0	0.0			1.0				HG003	giabHC_x_ultima_x_clinvar	-1	-2	ont	sentdhiomr
HIOa-HG003-SR15x-ONT15x-39-D0-PF-ILMN-NOVASEQ-ont-sentdhiomr-DEL_50	DEL_50	HIOa-HG003-SR15x-ONT15x-39-D0-PF-ILMN-NOVASEQ	332544085.0	332525122.0	90.0	18873.0	28.0	0.9968835833509401	0.9952539155196962	0.9999999157958428	0.00148140310036506	0.998518596899635	0.998518596899635	HG003	giabHC_x_ultima_x_clinvar	-1	-2	ont	sentdhiomr
HIOa-HG003-SR15x-ONT15x-39-D0-PF-ILMN-NOVASEQ-ont-sentdhiomr-DEL_gt50	DEL_gt50	HIOa-HG003-SR15x-ONT15x-39-D0-PF-ILMN-NOVASEQ	332544085.0	332544085.0	0.0	0.0	1.0			0.9999999969928799	1.0	0.0	0.0	HG003	giabHC_x_ultima_x_clinvar	-1	-2	ont	sentdhiomr
HIOa-HG003-SR15x-ONT15x-39-D0-PF-ILMN-NOVASEQ-ont-sentdhiomr-Indel_50	Indel_50	HIOa-HG003-SR15x-ONT15x-39-D0-PF-ILMN-NOVASEQ	332544085.0	332542849.0	10.0	1226.0	0.0	0.9959382615759546	0.9919093851132686	1.0	0.0	1.0	1.0	HG003	giabHC_x_ultima_x_clinvar	-1	-2	ont	sentdhiomr
HIOa-HG003-SR15x-ONT15x-39-D0-PF-ILMN-NOVASEQ-ont-sentdhiomr-Indel_gt50	Indel_gt50	HIOa-HG003-SR15x-ONT15x-39-D0-PF-ILMN-NOVASEQ	332544085.0	332544058.0	0.0	27.0	0.0	1.0	1.0	1.0	0.0	1.0	1.0	HG003	giabHC_x_ultima_x_clinvar	-1	-2	ont	sentdhiomr
HIOa-HG003-SR15x-ONT15x-39-D0-PF-ILMN-NOVASEQ-ont-sentdhiomr-All	All	HIOa-HG003-SR15x-ONT15x-39-D0-PF-ILMN-NOVASEQ	332544085.0	332134882.0	1389.0	407814.0	475.0	0.997719855362499	0.9966055967331617	0.999998569860179	0.0011633916172123177	0.9988366083827876	0.9988366083827876	HG003	giabHC_x_ultima_x_clinvar	-1	-2	ont	sentdhiomr
HIOa-HG003-SR15x-ONT15x-39-D0-PF-ILMN-NOVASEQ-ont-sentdhiomr-SNPts	SNPts	HIOa-HG003-SR15x-ONT15x-39-D0-PF-ILMN-NOVASEQ	2528531102.0	2526276382.0	5711.0	2249009.0	3394.0	0.9979798643169934	0.997467091257451	0.999998656522515	0.0015068351445101076	0.9984931648554899	0.9984931648554899	HG003	giabHC	-1	-2	ont	sentdhiomr
HIOa-HG003-SR15x-ONT15x-39-D0-PF-ILMN-NOVASEQ-ont-sentdhiomr-SNPtv	SNPtv	HIOa-HG003-SR15x-ONT15x-39-D0-PF-ILMN-NOVASEQ	2528531102.0	2527459467.0	2909.0	1068726.0	1942.0	0.9977356144298917	0.9972854563354127	0.9999992316400982	0.0018138209043326223	0.9981861790956674	0.9981861790956674	HG003	giabHC	-1	-2	ont	sentdhiomr
HIOa-HG003-SR15x-ONT15x-39-D0-PF-ILMN-NOVASEQ-ont-sentdhiomr-INS_50	INS_50	HIOa-HG003-SR15x-ONT15x-39-D0-PF-ILMN-NOVASEQ	2528531102.0	2528301800.0	1803.0	227499.0	949.0	0.9939879847078099	0.9921370070910851	0.9999996246493817	0.004154118223840874	0.9958458817761592	0.9958458817761592	HG003	giabHC	-1	-2	ont	sentdhiomr
HIOa-HG003-SR15x-ONT15x-39-D0-PF-ILMN-NOVASEQ-ont-sentdhiomr-INS_gt50	INS_gt50	HIOa-HG003-SR15x-ONT15x-39-D0-PF-ILMN-NOVASEQ	2528531102.0	2528531101.0	0.0	1.0	1.0	0.6666666666666666	1.0	0.9999999996045135	0.5	0.5	0.5	HG003	giabHC	-1	-2	ont	sentdhiomr
HIOa-HG003-SR15x-ONT15x-39-D0-PF-ILMN-NOVASEQ-ont-sentdhiomr-DEL_50	DEL_50	HIOa-HG003-SR15x-ONT15x-39-D0-PF-ILMN-NOVASEQ	2528531102.0	2528287668.0	1758.0	241676.0	585.0	0.9951759849288134	0.9927783300607146	0.9999997686181553	0.0024147510329768306	0.9975852489670232	0.9975852489670232	HG003	giabHC	-1	-2	ont	sentdhiomr
HIOa-HG003-SR15x-ONT15x-39-D0-PF-ILMN-NOVASEQ-ont-sentdhiomr-DEL_gt50	DEL_gt50	HIOa-HG003-SR15x-ONT15x-39-D0-PF-ILMN-NOVASEQ	2528531102.0	2528531102.0	0.0	0.0	5.0			0.9999999980225673	1.0	0.0	0.0	HG003	giabHC	-1	-2	ont	sentdhiomr
HIOa-HG003-SR15x-ONT15x-39-D0-PF-ILMN-NOVASEQ-ont-sentdhiomr-Indel_50	Indel_50	HIOa-HG003-SR15x-ONT15x-39-D0-PF-ILMN-NOVASEQ	2528531102.0	2528499767.0	139.0	31196.0	12.0	0.9975856610651872	0.995564065741184	0.9999999952541028	0.00038451679056652143	0.9996154832094335	0.9996154832094335	HG003	giabHC	-1	-2	ont	sentdhiomr
HIOa-HG003-SR15x-ONT15x-39-D0-PF-ILMN-NOVASEQ-ont-sentdhiomr-Indel_gt50	Indel_gt50	HIOa-HG003-SR15x-ONT15x-39-D0-PF-ILMN-NOVASEQ	2528531102.0	2528530662.0	7.0	433.0	0.0	0.9919816723940436	0.9840909090909091	1.0	0.0	1.0	1.0	HG003	giabHC	-1	-2	ont	sentdhiomr
HIOa-HG003-SR15x-ONT15x-39-D0-PF-ILMN-NOVASEQ-ont-sentdhiomr-All	All	HIOa-HG003-SR15x-ONT15x-39-D0-PF-ILMN-NOVASEQ	2528531102.0	2524700235.0	12327.0	3818540.0	6888.0	0.9974903004651728	0.9967821905589518	0.9999972717627572	0.0018005828367440191	0.998199417163256	0.998199417163256	HG003	giabHC	-1	-2	ont	sentdhiomr
HIOa-HG003-SR15x-ONT15x-39-D0-PF-ILMN-NOVASEQ-ont-sentdhiomr-SNPts	SNPts	HIOa-HG003-SR15x-ONT15x-39-D0-PF-ILMN-NOVASEQ	688815815.0	688748070.0	1973.0	65772.0	381585.0	0.25537466365884814	0.9708760794154551	0.9994462798150806	0.8529764818701843	0.14702351812981573	0.1470235181298158	HG003	hg38_m_giabHC	-1	-2	ont	sentdhiomr
HIOa-HG003-SR15x-ONT15x-39-D0-PF-ILMN-NOVASEQ-ont-sentdhiomr-SNPtv	SNPtv	HIOa-HG003-SR15x-ONT15x-39-D0-PF-ILMN-NOVASEQ	688815815.0	688780855.0	1141.0	33819.0	327425.0	0.1707150861677318	0.967362700228833	0.9995248569644236	0.9063818360996999	0.09361816390030009	0.09361816390030007	HG003	hg38_m_giabHC	-1	-2	ont	sentdhiomr
HIOa-HG003-SR15x-ONT15x-39-D0-PF-ILMN-NOVASEQ-ont-sentdhiomr-INS_50	INS_50	HIOa-HG003-SR15x-ONT15x-39-D0-PF-ILMN-NOVASEQ	688815815.0	688788476.0	1440.0	25899.0	169074.0	0.23299686926481697	0.9473279929770657	0.999754594459412	0.8671662230154945	0.1328337769845055	0.13283377698450555	HG003	hg38_m_giabHC	-1	-2	ont	sentdhiomr
HIOa-HG003-SR15x-ONT15x-39-D0-PF-ILMN-NOVASEQ-ont-sentdhiomr-INS_gt50	INS_gt50	HIOa-HG003-SR15x-ONT15x-39-D0-PF-ILMN-NOVASEQ	688815815.0	688815582.0	120.0	113.0	2803.0	0.07176881549698315	0.48497854077253216	0.9999959307125637	0.9612482853223594	0.0387517146776406	0.0387517146776406	HG003	hg38_m_giabHC	-1	-2	ont	sentdhiomr
HIOa-HG003-SR15x-ONT15x-39-D0-PF-ILMN-NOVASEQ-ont-sentdhiomr-DEL_50	DEL_50	HIOa-HG003-SR15x-ONT15x-39-D0-PF-ILMN-NOVASEQ	688815815.0	688788338.0	1159.0	26318.0	172311.0	0.23279346855014907	0.9578192670233286	0.9997498971817185	0.8675017243202151	0.1324982756797849	0.13249827567978492	HG003	hg38_m_giabHC	-1	-2	ont	sentdhiomr
HIOa-HG003-SR15x-ONT15x-39-D0-PF-ILMN-NOVASEQ-ont-sentdhiomr-DEL_gt50	DEL_gt50	HIOa-HG003-SR15x-ONT15x-39-D0-PF-ILMN-NOVASEQ	688815815.0	688815678.0	48.0	89.0	3382.0	0.04933481152993348	0.6496350364963503	0.9999950901474765	0.9743589743589743	0.02564102564102566	0.02564102564102564	HG003	hg38_m_giabHC	-1	-2	ont	sentdhiomr
HIOa-HG003-SR15x-ONT15x-39-D0-PF-ILMN-NOVASEQ-ont-sentdhiomr-Indel_50	Indel_50	HIOa-HG003-SR15x-ONT15x-39-D0-PF-ILMN-NOVASEQ	688815815.0	688806677.0	332.0	8806.0	36699.0	0.3223102684698863	0.9636681987305756	0.9999467237382565	0.8064828040874629	0.19351719591253713	0.19351719591253708	HG003	hg38_m_giabHC	-1	-2	ont	sentdhiomr
HIOa-HG003-SR15x-ONT15x-39-D0-PF-ILMN-NOVASEQ-ont-sentdhiomr-Indel_gt50	Indel_gt50	HIOa-HG003-SR15x-ONT15x-39-D0-PF-ILMN-NOVASEQ	688815815.0	688814804.0	57.0	954.0	1839.0	0.501577287066246	0.9436201780415431	0.9999973302038813	0.6584317937701396	0.3415682062298604	0.34156820622986034	HG003	hg38_m_giabHC	-1	-2	ont	sentdhiomr
HIOa-HG003-SR15x-ONT15x-39-D0-PF-ILMN-NOVASEQ-ont-sentdhiomr-All	All	HIOa-HG003-SR15x-ONT15x-39-D0-PF-ILMN-NOVASEQ	688815815.0	688647775.0	6270.0	161770.0	1095118.0	0.22705708639313707	0.9626874553677696	0.9984122808496991	0.8712932258085048	0.12870677419149523	0.12870677419149518	HG003	hg38_m_giabHC	-1	-2	ont	sentdhiomr
HIOa-HG003-SR15x-ONT15x-39-D0-PF-ILMN-NOVASEQ-ont-sentdhiomr-SNPts	SNPts	HIOa-HG003-SR15x-ONT15x-39-D0-PF-ILMN-NOVASEQ	377862616.0	377589401.0	1503.0	271712.0	38575.0	0.9313147170018269	0.9944988379115348	0.9998978491996049	0.12432038725438062	0.8756796127456193	0.8756796127456193	HG003	clinvar_genes	-1	-2	ont	sentdhiomr
HIOa-HG003-SR15x-ONT15x-39-D0-PF-ILMN-NOVASEQ-ont-sentdhiomr-SNPtv	SNPtv	HIOa-HG003-SR15x-ONT15x-39-D0-PF-ILMN-NOVASEQ	377862616.0	377738301.0	812.0	123503.0	23398.0	0.9107353548463217	0.9934682057676065	0.9999380614814526	0.1592773364374647	0.8407226635625353	0.8407226635625353	HG003	clinvar_genes	-1	-2	ont	sentdhiomr
HIOa-HG003-SR15x-ONT15x-39-D0-PF-ILMN-NOVASEQ-ont-sentdhiomr-INS_50	INS_50	HIOa-HG003-SR15x-ONT15x-39-D0-PF-ILMN-NOVASEQ	377862616.0	377833403.0	421.0	28792.0	18397.0	0.7536975471846287	0.9855886078115907	0.9999513115988862	0.3898578058445824	0.6101421941554176	0.6101421941554176	HG003	clinvar_genes	-1	-2	ont	sentdhiomr
HIOa-HG003-SR15x-ONT15x-39-D0-PF-ILMN-NOVASEQ-ont-sentdhiomr-INS_gt50	INS_gt50	HIOa-HG003-SR15x-ONT15x-39-D0-PF-ILMN-NOVASEQ	377862616.0	377862587.0	13.0	16.0	362.0	0.07862407862407862	0.5517241379310345	0.9999990419806944	0.9576719576719577	0.042328042328042326	0.042328042328042326	HG003	clinvar_genes	-1	-2	ont	sentdhiomr
HIOa-HG003-SR15x-ONT15x-39-D0-PF-ILMN-NOVASEQ-ont-sentdhiomr-DEL_50	DEL_50	HIOa-HG003-SR15x-ONT15x-39-D0-PF-ILMN-NOVASEQ	377862616.0	377831749.0	396.0	30471.0	17965.0	0.7684702974666785	0.9871707648945476	0.9999524546417944	0.37090180857213645	0.6290981914278635	0.6290981914278636	HG003	clinvar_genes	-1	-2	ont	sentdhiomr
HIOa-HG003-SR15x-ONT15x-39-D0-PF-ILMN-NOVASEQ-ont-sentdhiomr-DEL_gt50	DEL_gt50	HIOa-HG003-SR15x-ONT15x-39-D0-PF-ILMN-NOVASEQ	377862616.0	377862598.0	5.0	13.0	463.0	0.05263157894736842	0.7222222222222222	0.9999987746883784	0.9726890756302521	0.027310924369747913	0.0273109243697479	HG003	clinvar_genes	-1	-2	ont	sentdhiomr
HIOa-HG003-SR15x-ONT15x-39-D0-PF-ILMN-NOVASEQ-ont-sentdhiomr-Indel_50	Indel_50	HIOa-HG003-SR15x-ONT15x-39-D0-PF-ILMN-NOVASEQ	377862616.0	377858643.0	84.0	3889.0	3890.0	0.6618447923757658	0.9788572866851246	0.9999897052508246	0.5000642756138322	0.49993572438616785	0.4999357243861679	HG003	clinvar_genes	-1	-2	ont	sentdhiomr
HIOa-HG003-SR15x-ONT15x-39-D0-PF-ILMN-NOVASEQ-ont-sentdhiomr-Indel_gt50	Indel_gt50	HIOa-HG003-SR15x-ONT15x-39-D0-PF-ILMN-NOVASEQ	377862616.0	377862458.0	10.0	148.0	223.0	0.5595463137996219	0.9367088607594937	0.9999994098385175	0.601078167115903	0.398921832884097	0.39892183288409705	HG003	clinvar_genes	-1	-2	ont	sentdhiomr
HIOa-HG003-SR15x-ONT15x-39-D0-PF-ILMN-NOVASEQ-ont-sentdhiomr-All	All	HIOa-HG003-SR15x-ONT15x-39-D0-PF-ILMN-NOVASEQ	377862616.0	377400828.0	3244.0	458544.0	103273.0	0.8959393516053555	0.9929751314455985	0.9997264321109984	0.18381964233905346	0.8161803576609465	0.8161803576609465	HG003	clinvar_genes	-1	-2	ont	sentdhiomr
HIOa-HG003-SR15x-ONT15x-39-D0-PF-ILMN-NOVASEQ-ont-sentdhiomr-SNPts	SNPts	HIOa-HG003-SR15x-ONT15x-39-D0-PF-ILMN-NOVASEQ	2799325643.0	2797071476.0	4516.0	2249651.0	113443.0	0.9744526029609328	0.9979965991871942	0.9999594438682872	0.04800613094527768	0.9519938690547223	0.9519938690547223	HG003	ultima	-1	-2	ont	sentdhiomr
HIOa-HG003-SR15x-ONT15x-39-D0-PF-ILMN-NOVASEQ-ont-sentdhiomr-SNPtv	SNPtv	HIOa-HG003-SR15x-ONT15x-39-D0-PF-ILMN-NOVASEQ	2799325643.0	2798266919.0	2329.0	1056395.0	67022.0	0.9682188272893456	0.9978001821060068	0.9999760493202695	0.05965905803454995	0.94034094196545	0.94034094196545	HG003	ultima	-1	-2	ont	sentdhiomr
HIOa-HG003-SR15x-ONT15x-39-D0-PF-ILMN-NOVASEQ-ont-sentdhiomr-INS_50	INS_50	HIOa-HG003-SR15x-ONT15x-39-D0-PF-ILMN-NOVASEQ	2799325643.0	2799161298.0	987.0	163358.0	24171.0	0.9285028163490341	0.9939943411725334	0.9999913649880411	0.128892064693994	0.871107935306006	0.871107935306006	HG003	ultima	-1	-2	ont	sentdhiomr
HIOa-HG003-SR15x-ONT15x-39-D0-PF-ILMN-NOVASEQ-ont-sentdhiomr-INS_gt50	INS_gt50	HIOa-HG003-SR15x-ONT15x-39-D0-PF-ILMN-NOVASEQ	2799325643.0	2799325545.0	47.0	51.0	562.0	0.14345991561181437	0.5204081632653061	0.9999997992373956	0.9168026101141925	0.0831973898858075	0.08319738988580751	HG003	ultima	-1	-2	ont	sentdhiomr
HIOa-HG003-SR15x-ONT15x-39-D0-PF-ILMN-NOVASEQ-ont-sentdhiomr-DEL_50	DEL_50	HIOa-HG003-SR15x-ONT15x-39-D0-PF-ILMN-NOVASEQ	2799325643.0	2799148010.0	1064.0	176569.0	32536.0	0.9131194762345566	0.9940101219930981	0.9999883765982703	0.15559647067262858	0.8444035293273714	0.8444035293273714	HG003	ultima	-1	-2	ont	sentdhiomr
HIOa-HG003-SR15x-ONT15x-39-D0-PF-ILMN-NOVASEQ-ont-sentdhiomr-DEL_gt50	DEL_gt50	HIOa-HG003-SR15x-ONT15x-39-D0-PF-ILMN-NOVASEQ	2799325643.0	2799325554.0	29.0	60.0	1580.0	0.06940427993059571	0.6741573033707865	0.99999943557865	0.9634146341463414	0.03658536585365857	0.036585365853658534	HG003	ultima	-1	-2	ont	sentdhiomr
HIOa-HG003-SR15x-ONT15x-39-D0-PF-ILMN-NOVASEQ-ont-sentdhiomr-Indel_50	Indel_50	HIOa-HG003-SR15x-ONT15x-39-D0-PF-ILMN-NOVASEQ	2799325643.0	2799308705.0	60.0	16878.0	2453.0	0.9307121784444016	0.9964576691462983	0.9999991237129917	0.12689462521338782	0.8731053747866122	0.8731053747866122	HG003	ultima	-1	-2	ont	sentdhiomr
HIOa-HG003-SR15x-ONT15x-39-D0-PF-ILMN-NOVASEQ-ont-sentdhiomr-Indel_gt50	Indel_gt50	HIOa-HG003-SR15x-ONT15x-39-D0-PF-ILMN-NOVASEQ	2799325643.0	2799324750.0	14.0	879.0	485.0	0.7789100575985821	0.9843225083986562	0.9999998267439617	0.3555718475073314	0.6444281524926686	0.6444281524926686	HG003	ultima	-1	-2	ont	sentdhiomr
HIOa-HG003-SR15x-ONT15x-39-D0-PF-ILMN-NOVASEQ-ont-sentdhiomr-All	All	HIOa-HG003-SR15x-ONT15x-39-D0-PF-ILMN-NOVASEQ	2799325643.0	2795652756.0	9046.0	3663841.0	242252.0	0.9668427677603055	0.9975370873103365	0.9999133544001807	0.06201900466783561	0.9379809953321644	0.9379809953321644	HG003	ultima	-1	-2	ont	sentdhiomr
HIOa-HG003-SR15x-ONT15x-39-D0-PF-ILMN-NOVASEQ-ont-sentdhiomr-SNPts	SNPts	HIOa-HG003-SR15x-ONT15x-39-D0-PF-ILMN-NOVASEQ	337668665.0	337403127.0	1162.0	264376.0	531.0	0.9968083401672181	0.9956239784889545	0.9999984262174182	0.002004477042886749	0.9979955229571132	0.9979955229571132	HG003	giabHC_x_clinvar_genes	-1	-2	ont	sentdhiomr
HIOa-HG003-SR15x-ONT15x-39-D0-PF-ILMN-NOVASEQ-ont-sentdhiomr-SNPtv	SNPtv	HIOa-HG003-SR15x-ONT15x-39-D0-PF-ILMN-NOVASEQ	337668665.0	337548417.0	596.0	119652.0	285.0	0.9963319940878906	0.9950435766083428	0.9999991556773932	0.0023762475299532256	0.9976237524700468	0.9976237524700468	HG003	giabHC_x_clinvar_genes	-1	-2	ont	sentdhiomr
HIOa-HG003-SR15x-ONT15x-39-D0-PF-ILMN-NOVASEQ-ont-sentdhiomr-INS_50	INS_50	HIOa-HG003-SR15x-ONT15x-39-D0-PF-ILMN-NOVASEQ	337668665.0	337642314.0	250.0	26101.0	107.0	0.9932076333263571	0.9905126940154074	0.9999996830966924	0.004082722832722833	0.9959172771672772	0.9959172771672772	HG003	giabHC_x_clinvar_genes	-1	-2	ont	sentdhiomr
HIOa-HG003-SR15x-ONT15x-39-D0-PF-ILMN-NOVASEQ-ont-sentdhiomr-INS_gt50	INS_gt50	HIOa-HG003-SR15x-ONT15x-39-D0-PF-ILMN-NOVASEQ	337668665.0	337668665.0	0.0	0.0	0.0			1.0				HG003	giabHC_x_clinvar_genes	-1	-2	ont	sentdhiomr
HIOa-HG003-SR15x-ONT15x-39-D0-PF-ILMN-NOVASEQ-ont-sentdhiomr-DEL_50	DEL_50	HIOa-HG003-SR15x-ONT15x-39-D0-PF-ILMN-NOVASEQ	337668665.0	337640668.0	212.0	27785.0	77.0	0.9948262589734869	0.9924277601171554	0.999999771946955	0.002763620702031441	0.9972363792979686	0.9972363792979686	HG003	giabHC_x_clinvar_genes	-1	-2	ont	sentdhiomr
HIOa-HG003-SR15x-ONT15x-39-D0-PF-ILMN-NOVASEQ-ont-sentdhiomr-DEL_gt50	DEL_gt50	HIOa-HG003-SR15x-ONT15x-39-D0-PF-ILMN-NOVASEQ	337668665.0	337668665.0	0.0	0.0	1.0			0.999999997038517	1.0	0.0	0.0	HG003	giabHC_x_clinvar_genes	-1	-2	ont	sentdhiomr
HIOa-HG003-SR15x-ONT15x-39-D0-PF-ILMN-NOVASEQ-ont-sentdhiomr-Indel_50	Indel_50	HIOa-HG003-SR15x-ONT15x-39-D0-PF-ILMN-NOVASEQ	337668665.0	337665572.0	24.0	3069.0	1.0	0.9959435339931851	0.9922405431619786	0.99999999703849	0.0003257328990228013	0.9996742671009772	0.9996742671009772	HG003	giabHC_x_clinvar_genes	-1	-2	ont	sentdhiomr
HIOa-HG003-SR15x-ONT15x-39-D0-PF-ILMN-NOVASEQ-ont-sentdhiomr-Indel_gt50	Indel_gt50	HIOa-HG003-SR15x-ONT15x-39-D0-PF-ILMN-NOVASEQ	337668665.0	337668624.0	1.0	40.0	0.0	0.9876543209876543	0.975609756097561	1.0	0.0	1.0	1.0	HG003	giabHC_x_clinvar_genes	-1	-2	ont	sentdhiomr
HIOa-HG003-SR15x-ONT15x-39-D0-PF-ILMN-NOVASEQ-ont-sentdhiomr-All	All	HIOa-HG003-SR15x-ONT15x-39-D0-PF-ILMN-NOVASEQ	337668665.0	337225397.0	2245.0	441023.0	1002.0	0.9963322877284696	0.9949353438551847	0.9999970287023704	0.0022668401108534584	0.9977331598891466	0.9977331598891466	HG003	giabHC_x_clinvar_genes	-1	-2	ont	sentdhiomr
HIOa-HG003-SR3x-ONT3x-8-D0-PF-ILMN-NOVASEQ-ont-sentdhiomr-SNPts	SNPts	HIOa-HG003-SR3x-ONT3x-8-D0-PF-ILMN-NOVASEQ	2528531102.0	2526276118.0	459571.0	1795413.0	7686.0	0.884857702516188	0.7961976670344446	0.9999969575864802	0.004262661118441084	0.9957373388815589	0.9957373388815589	HG003	giabHC	-1	-2	ont	sentdhiomr
HIOa-HG003-SR3x-ONT3x-8-D0-PF-ILMN-NOVASEQ-ont-sentdhiomr-SNPtv	SNPtv	HIOa-HG003-SR3x-ONT3x-8-D0-PF-ILMN-NOVASEQ	2528531102.0	2527459035.0	221758.0	850309.0	4489.0	0.882582848305408	0.7931491222097127	0.9999982239110644	0.005251533110746632	0.9947484668892533	0.9947484668892533	HG003	giabHC	-1	-2	ont	sentdhiomr
HIOa-HG003-SR3x-ONT3x-8-D0-PF-ILMN-NOVASEQ-ont-sentdhiomr-INS_50	INS_50	HIOa-HG003-SR3x-ONT3x-8-D0-PF-ILMN-NOVASEQ	2528531102.0	2528296890.0	54389.0	179823.0	6881.0	0.8544365146490035	0.7677787645381108	0.999997278412476	0.03685512897420516	0.9631448710257948	0.9631448710257948	HG003	giabHC	-1	-2	ont	sentdhiomr
HIOa-HG003-SR3x-ONT3x-8-D0-PF-ILMN-NOVASEQ-ont-sentdhiomr-INS_gt50	INS_gt50	HIOa-HG003-SR3x-ONT3x-8-D0-PF-ILMN-NOVASEQ	2528531102.0	2528531101.0	1.0	0.0	3.0		0.0	0.9999999988135404	1.0	0.0	0.0	HG003	giabHC	-1	-2	ont	sentdhiomr
HIOa-HG003-SR3x-ONT3x-8-D0-PF-ILMN-NOVASEQ-ont-sentdhiomr-DEL_50	DEL_50	HIOa-HG003-SR3x-ONT3x-8-D0-PF-ILMN-NOVASEQ	2528531102.0	2528282163.0	57765.0	191174.0	6064.0	0.8569424241948823	0.767955201876765	0.9999976015392805	0.030744582686906174	0.9692554173130938	0.9692554173130938	HG003	giabHC	-1	-2	ont	sentdhiomr
HIOa-HG003-SR3x-ONT3x-8-D0-PF-ILMN-NOVASEQ-ont-sentdhiomr-DEL_gt50	DEL_gt50	HIOa-HG003-SR3x-ONT3x-8-D0-PF-ILMN-NOVASEQ	2528531102.0	2528531102.0	0.0	0.0	61.0			0.9999999758753221	1.0	0.0	0.0	HG003	giabHC	-1	-2	ont	sentdhiomr
HIOa-HG003-SR3x-ONT3x-8-D0-PF-ILMN-NOVASEQ-ont-sentdhiomr-Indel_50	Indel_50	HIOa-HG003-SR3x-ONT3x-8-D0-PF-ILMN-NOVASEQ	2528531102.0	2528510335.0	4904.0	15863.0	54.0	0.8648457093010579	0.7638561178793278	0.9999999786435523	0.0033925991078720863	0.996607400892128	0.996607400892128	HG003	giabHC	-1	-2	ont	sentdhiomr
HIOa-HG003-SR3x-ONT3x-8-D0-PF-ILMN-NOVASEQ-ont-sentdhiomr-Indel_gt50	Indel_gt50	HIOa-HG003-SR3x-ONT3x-8-D0-PF-ILMN-NOVASEQ	2528531102.0	2528530813.0	117.0	172.0	0.0	0.7462039045553145	0.5951557093425606	1.0	0.0	1.0	1.0	HG003	giabHC	-1	-2	ont	sentdhiomr
HIOa-HG003-SR3x-ONT3x-8-D0-PF-ILMN-NOVASEQ-ont-sentdhiomr-All	All	HIOa-HG003-SR3x-ONT3x-8-D0-PF-ILMN-NOVASEQ	2528531102.0	2524699843.0	798505.0	3032754.0	25238.0	0.8804306883288183	0.7915815662684251	0.9999900036640861	0.008253128196542045	0.991746871803458	0.991746871803458	HG003	giabHC	-1	-2	ont	sentdhiomr
HIOa-HG003-SR3x-ONT3x-8-D0-PF-ILMN-NOVASEQ-ont-sentdhiomr-SNPts	SNPts	HIOa-HG003-SR3x-ONT3x-8-D0-PF-ILMN-NOVASEQ	688815815.0	688747895.0	20063.0	47857.0	261513.0	0.25368814439820825	0.7046083627797409	0.999620450755877	0.8453082070013253	0.15469179299867475	0.15469179299867472	HG003	hg38_m_giabHC	-1	-2	ont	sentdhiomr
HIOa-HG003-SR3x-ONT3x-8-D0-PF-ILMN-NOVASEQ-ont-sentdhiomr-SNPtv	SNPtv	HIOa-HG003-SR3x-ONT3x-8-D0-PF-ILMN-NOVASEQ	688815815.0	688780682.0	10491.0	24642.0	206427.0	0.1851376022719589	0.7013918538126548	0.9997003906208062	0.8933565298677019	0.10664347013229813	0.10664347013229815	HG003	hg38_m_giabHC	-1	-2	ont	sentdhiomr
HIOa-HG003-SR3x-ONT3x-8-D0-PF-ILMN-NOVASEQ-ont-sentdhiomr-INS_50	INS_50	HIOa-HG003-SR3x-ONT3x-8-D0-PF-ILMN-NOVASEQ	688815815.0	688787089.0	8996.0	19730.0	112935.0	0.24449938348482878	0.6868342268328343	0.9998360647466025	0.8512795386876719	0.14872046131232808	0.14872046131232805	HG003	hg38_m_giabHC	-1	-2	ont	sentdhiomr
HIOa-HG003-SR3x-ONT3x-8-D0-PF-ILMN-NOVASEQ-ont-sentdhiomr-INS_gt50	INS_gt50	HIOa-HG003-SR3x-ONT3x-8-D0-PF-ILMN-NOVASEQ	688815815.0	688815580.0	184.0	51.0	1322.0	0.06343283582089551	0.2170212765957447	0.9999980807671877	0.9628550619082301	0.037144938091769886	0.037144938091769844	HG003	hg38_m_giabHC	-1	-2	ont	sentdhiomr
HIOa-HG003-SR3x-ONT3x-8-D0-PF-ILMN-NOVASEQ-ont-sentdhiomr-DEL_50	DEL_50	HIOa-HG003-SR3x-ONT3x-8-D0-PF-ILMN-NOVASEQ	688815815.0	688786596.0	8523.0	20696.0	119176.0	0.24479126624125472	0.7083062390910024	0.9998270068203173	0.852036147334706	0.147963852665294	0.147963852665294	HG003	hg38_m_giabHC	-1	-2	ont	sentdhiomr
HIOa-HG003-SR3x-ONT3x-8-D0-PF-ILMN-NOVASEQ-ont-sentdhiomr-DEL_gt50	DEL_gt50	HIOa-HG003-SR3x-ONT3x-8-D0-PF-ILMN-NOVASEQ	688815815.0	688815677.0	83.0	55.0	1933.0	0.05174035747883349	0.39855072463768115	0.9999971937418963	0.9723340040241448	0.027665995975855173	0.02766599597585513	HG003	hg38_m_giabHC	-1	-2	ont	sentdhiomr
HIOa-HG003-SR3x-ONT3x-8-D0-PF-ILMN-NOVASEQ-ont-sentdhiomr-Indel_50	Indel_50	HIOa-HG003-SR3x-ONT3x-8-D0-PF-ILMN-NOVASEQ	688815815.0	688809888.0	2503.0	3424.0	14489.0	0.287248322147651	0.577695292728193	0.9999789656108526	0.8088539049852063	0.19114609501479374	0.19114609501479374	HG003	hg38_m_giabHC	-1	-2	ont	sentdhiomr
HIOa-HG003-SR3x-ONT3x-8-D0-PF-ILMN-NOVASEQ-ont-sentdhiomr-Indel_gt50	Indel_gt50	HIOa-HG003-SR3x-ONT3x-8-D0-PF-ILMN-NOVASEQ	688815815.0	688815110.0	407.0	298.0	435.0	0.4144645340751043	0.4226950354609929	0.9999993684811512	0.5934515688949522	0.4065484311050478	0.40654843110504774	HG003	hg38_m_giabHC	-1	-2	ont	sentdhiomr
HIOa-HG003-SR3x-ONT3x-8-D0-PF-ILMN-NOVASEQ-ont-sentdhiomr-All	All	HIOa-HG003-SR3x-ONT3x-8-D0-PF-ILMN-NOVASEQ	688815815.0	688647812.0	51250.0	116753.0	718230.0	0.23281082687096333	0.6949459235846979	0.9989581297072362	0.860173201131041	0.139826798868959	0.13982679886895902	HG003	hg38_m_giabHC	-1	-2	ont	sentdhiomr
HIOa-HG003-SR3x-ONT3x-8-D0-PF-ILMN-NOVASEQ-ont-sentdhiomr-SNPts	SNPts	HIOa-HG003-SR3x-ONT3x-8-D0-PF-ILMN-NOVASEQ	2505355380.0	2503152210.0	440788.0	1762382.0	5301.0	0.8876591503135473	0.7999301007185101	0.9999978822746963	0.002998840855515384	0.9970011591444846	0.9970011591444846	HG003	giabHC_x_ultima	-1	-2	ont	sentdhiomr
HIOa-HG003-SR3x-ONT3x-8-D0-PF-ILMN-NOVASEQ-ont-sentdhiomr-SNPtv	SNPtv	HIOa-HG003-SR3x-ONT3x-8-D0-PF-ILMN-NOVASEQ	2505355380.0	2504320802.0	209261.0	825317.0	3015.0	0.8860513927135503	0.7977329887161722	0.9999987960822081	0.003639844893110492	0.9963601551068895	0.9963601551068895	HG003	giabHC_x_ultima	-1	-2	ont	sentdhiomr
HIOa-HG003-SR3x-ONT3x-8-D0-PF-ILMN-NOVASEQ-ont-sentdhiomr-INS_50	INS_50	HIOa-HG003-SR3x-ONT3x-8-D0-PF-ILMN-NOVASEQ	2505355380.0	2505199337.0	34268.0	121775.0	1985.0	0.8704338409523842	0.7803938657934031	0.9999992076485101	0.016039107950872655	0.9839608920491274	0.9839608920491273	HG003	giabHC_x_ultima	-1	-2	ont	sentdhiomr
HIOa-HG003-SR3x-ONT3x-8-D0-PF-ILMN-NOVASEQ-ont-sentdhiomr-INS_gt50	INS_gt50	HIOa-HG003-SR3x-ONT3x-8-D0-PF-ILMN-NOVASEQ	2505355380.0	2505355380.0	0.0	0.0	3.0			0.9999999988025651	1.0	0.0	0.0	HG003	giabHC_x_ultima	-1	-2	ont	sentdhiomr
HIOa-HG003-SR3x-ONT3x-8-D0-PF-ILMN-NOVASEQ-ont-sentdhiomr-DEL_50	DEL_50	HIOa-HG003-SR3x-ONT3x-8-D0-PF-ILMN-NOVASEQ	2505355380.0	2505186819.0	38955.0	129606.0	2297.0	0.8627056818786942	0.7688967198818232	0.9999990831031537	0.017414312032326785	0.9825856879676732	0.9825856879676732	HG003	giabHC_x_ultima	-1	-2	ont	sentdhiomr
HIOa-HG003-SR3x-ONT3x-8-D0-PF-ILMN-NOVASEQ-ont-sentdhiomr-DEL_gt50	DEL_gt50	HIOa-HG003-SR3x-ONT3x-8-D0-PF-ILMN-NOVASEQ	2505355380.0	2505355380.0	0.0	0.0	59.0			0.9999999764504472	1.0	0.0	0.0	HG003	giabHC_x_ultima	-1	-2	ont	sentdhiomr
HIOa-HG003-SR3x-ONT3x-8-D0-PF-ILMN-NOVASEQ-ont-sentdhiomr-Indel_50	Indel_50	HIOa-HG003-SR3x-ONT3x-8-D0-PF-ILMN-NOVASEQ	2505355380.0	2505347118.0	2286.0	5976.0	12.0	0.8387368421052632	0.7233115468409586	0.9999999952102446	0.002004008016032064	0.9979959919839679	0.9979959919839679	HG003	giabHC_x_ultima	-1	-2	ont	sentdhiomr
HIOa-HG003-SR3x-ONT3x-8-D0-PF-ILMN-NOVASEQ-ont-sentdhiomr-Indel_gt50	Indel_gt50	HIOa-HG003-SR3x-ONT3x-8-D0-PF-ILMN-NOVASEQ	2505355380.0	2505355159.0	82.0	139.0	0.0	0.7722222222222223	0.6289592760180995	1.0	0.0	1.0	1.0	HG003	giabHC_x_ultima	-1	-2	ont	sentdhiomr
HIOa-HG003-SR3x-ONT3x-8-D0-PF-ILMN-NOVASEQ-ont-sentdhiomr-All	All	HIOa-HG003-SR3x-ONT3x-8-D0-PF-ILMN-NOVASEQ	2505355380.0	2501784545.0	725640.0	2845195.0	12672.0	0.8851537993206093	0.7967870260037219	0.9999949348412758	0.00443407618339132	0.9955659238166087	0.9955659238166087	HG003	giabHC_x_ultima	-1	-2	ont	sentdhiomr
HIOa-HG003-SR3x-ONT3x-8-D0-PF-ILMN-NOVASEQ-ont-sentdhiomr-SNPts	SNPts	HIOa-HG003-SR3x-ONT3x-8-D0-PF-ILMN-NOVASEQ	3088286401.0	3085963516.0	479634.0	1843251.0	269199.0	0.8311665296984332	0.7935179744154359	0.9999127742380892	0.12743449549101754	0.8725655045089824	0.8725655045089825	HG003	hg38	-1	-2	ont	sentdhiomr
HIOa-HG003-SR3x-ONT3x-8-D0-PF-ILMN-NOVASEQ-ont-sentdhiomr-SNPtv	SNPtv	HIOa-HG003-SR3x-ONT3x-8-D0-PF-ILMN-NOVASEQ	3088286401.0	3087179212.0	232249.0	874940.0	210916.0	0.7979225232496369	0.7902354521224471	0.9999316846944326	0.19423938349099695	0.805760616509003	0.805760616509003	HG003	hg38	-1	-2	ont	sentdhiomr
HIOa-HG003-SR3x-ONT3x-8-D0-PF-ILMN-NOVASEQ-ont-sentdhiomr-INS_50	INS_50	HIOa-HG003-SR3x-ONT3x-8-D0-PF-ILMN-NOVASEQ	3088286401.0	3088023383.0	63404.0	199614.0	119817.0	0.6854299689758245	0.7589366507235247	0.9999612009572613	0.37509509095861077	0.6249049090413892	0.6249049090413892	HG003	hg38	-1	-2	ont	sentdhiomr
HIOa-HG003-SR3x-ONT3x-8-D0-PF-ILMN-NOVASEQ-ont-sentdhiomr-INS_gt50	INS_gt50	HIOa-HG003-SR3x-ONT3x-8-D0-PF-ILMN-NOVASEQ	3088286401.0	3088286165.0	185.0	51.0	1325.0	0.06327543424317619	0.21610169491525424	0.9999995709596324	0.9629360465116279	0.0370639534883721	0.037063953488372096	HG003	hg38	-1	-2	ont	sentdhiomr
HIOa-HG003-SR3x-ONT3x-8-D0-PF-ILMN-NOVASEQ-ont-sentdhiomr-DEL_50	DEL_50	HIOa-HG003-SR3x-ONT3x-8-D0-PF-ILMN-NOVASEQ	3088286401.0	3088008434.0	66238.0	211729.0	125233.0	0.6886290937652965	0.7617055261955555	0.9999594470273945	0.3716531834450175	0.6283468165549825	0.6283468165549825	HG003	hg38	-1	-2	ont	sentdhiomr
HIOa-HG003-SR3x-ONT3x-8-D0-PF-ILMN-NOVASEQ-ont-sentdhiomr-DEL_gt50	DEL_gt50	HIOa-HG003-SR3x-ONT3x-8-D0-PF-ILMN-NOVASEQ	3088286401.0	3088286263.0	83.0	55.0	1994.0	0.05029721079103795	0.39855072463768115	0.9999993543348826	0.9731576378721327	0.02684236212786728	0.026842362127867253	HG003	hg38	-1	-2	ont	sentdhiomr
HIOa-HG003-SR3x-ONT3x-8-D0-PF-ILMN-NOVASEQ-ont-sentdhiomr-Indel_50	Indel_50	HIOa-HG003-SR3x-ONT3x-8-D0-PF-ILMN-NOVASEQ	3088286401.0	3088259708.0	7406.0	19287.0	14543.0	0.6373444806106769	0.7225489828794066	0.9999952908974987	0.4298847177061779	0.570115282293822	0.570115282293822	HG003	hg38	-1	-2	ont	sentdhiomr
HIOa-HG003-SR3x-ONT3x-8-D0-PF-ILMN-NOVASEQ-ont-sentdhiomr-Indel_gt50	Indel_gt50	HIOa-HG003-SR3x-ONT3x-8-D0-PF-ILMN-NOVASEQ	3088286401.0	3088285409.0	522.0	470.0	435.0	0.4955192409066948	0.4737903225806452	0.9999998591451628	0.48066298342541436	0.5193370165745856	0.5193370165745856	HG003	hg38	-1	-2	ont	sentdhiomr
HIOa-HG003-SR3x-ONT3x-8-D0-PF-ILMN-NOVASEQ-ont-sentdhiomr-All	All	HIOa-HG003-SR3x-ONT3x-8-D0-PF-ILMN-NOVASEQ	3088286401.0	3084287283.0	849721.0	3149397.0	743462.0	0.7981262489741163	0.7875228987991852	0.9997590098571286	0.19098097310999448	0.8090190268900055	0.8090190268900055	HG003	hg38	-1	-2	ont	sentdhiomr
HIOa-HG003-SR3x-ONT3x-8-D0-PF-ILMN-NOVASEQ-ont-sentdhiomr-SNPts	SNPts	HIOa-HG003-SR3x-ONT3x-8-D0-PF-ILMN-NOVASEQ	332544085.0	332287242.0	50608.0	206235.0	802.0	0.8891739242907648	0.8029613421428655	0.9999975864313674	0.003873703734115158	0.9961262962658849	0.9961262962658849	HG003	giabHC_x_ultima_x_clinvar	-1	-2	ont	sentdhiomr
HIOa-HG003-SR3x-ONT3x-8-D0-PF-ILMN-NOVASEQ-ont-sentdhiomr-SNPtv	SNPtv	HIOa-HG003-SR3x-ONT3x-8-D0-PF-ILMN-NOVASEQ	332544085.0	332429456.0	22874.0	91755.0	460.0	0.8871903463479723	0.80045189262752	0.999998616249688	0.00498834246055414	0.9950116575394459	0.9950116575394459	HG003	giabHC_x_ultima_x_clinvar	-1	-2	ont	sentdhiomr
HIOa-HG003-SR3x-ONT3x-8-D0-PF-ILMN-NOVASEQ-ont-sentdhiomr-INS_50	INS_50	HIOa-HG003-SR3x-ONT3x-8-D0-PF-ILMN-NOVASEQ	332544085.0	332526396.0	3755.0	13934.0	220.0	0.875168796909839	0.7877211826558879	0.9999993383988246	0.015543309311855305	0.9844566906881447	0.9844566906881447	HG003	giabHC_x_ultima_x_clinvar	-1	-2	ont	sentdhiomr
HIOa-HG003-SR3x-ONT3x-8-D0-PF-ILMN-NOVASEQ-ont-sentdhiomr-INS_gt50	INS_gt50	HIOa-HG003-SR3x-ONT3x-8-D0-PF-ILMN-NOVASEQ	332544085.0	332544085.0	0.0	0.0	1.0			0.9999999969928799	1.0	0.0	0.0	HG003	giabHC_x_ultima_x_clinvar	-1	-2	ont	sentdhiomr
HIOa-HG003-SR3x-ONT3x-8-D0-PF-ILMN-NOVASEQ-ont-sentdhiomr-DEL_50	DEL_50	HIOa-HG003-SR3x-ONT3x-8-D0-PF-ILMN-NOVASEQ	332544085.0	332524853.0	4359.0	14873.0	288.0	0.8648852964265985	0.7733465058236273	0.999999133900074	0.01899610843611899	0.981003891563881	0.981003891563881	HG003	giabHC_x_ultima_x_clinvar	-1	-2	ont	sentdhiomr
HIOa-HG003-SR3x-ONT3x-8-D0-PF-ILMN-NOVASEQ-ont-sentdhiomr-DEL_gt50	DEL_gt50	HIOa-HG003-SR3x-ONT3x-8-D0-PF-ILMN-NOVASEQ	332544085.0	332544085.0	0.0	0.0	18.0			0.9999999458718413	1.0	0.0	0.0	HG003	giabHC_x_ultima_x_clinvar	-1	-2	ont	sentdhiomr
HIOa-HG003-SR3x-ONT3x-8-D0-PF-ILMN-NOVASEQ-ont-sentdhiomr-Indel_50	Indel_50	HIOa-HG003-SR3x-ONT3x-8-D0-PF-ILMN-NOVASEQ	332544085.0	332543313.0	225.0	547.0	1.0	0.8287878787878787	0.7085492227979274	0.9999999969928729	0.0018248175182481751	0.9981751824817519	0.9981751824817519	HG003	giabHC_x_ultima_x_clinvar	-1	-2	ont	sentdhiomr
HIOa-HG003-SR3x-ONT3x-8-D0-PF-ILMN-NOVASEQ-ont-sentdhiomr-Indel_gt50	Indel_gt50	HIOa-HG003-SR3x-ONT3x-8-D0-PF-ILMN-NOVASEQ	332544085.0	332544069.0	7.0	9.0	0.0	0.72	0.5625	1.0	0.0	1.0	1.0	HG003	giabHC_x_ultima_x_clinvar	-1	-2	ont	sentdhiomr
HIOa-HG003-SR3x-ONT3x-8-D0-PF-ILMN-NOVASEQ-ont-sentdhiomr-All	All	HIOa-HG003-SR3x-ONT3x-8-D0-PF-ILMN-NOVASEQ	332544085.0	332134904.0	81828.0	327353.0	1790.0	0.8867461981460714	0.8000200400311842	0.999994610652685	0.005438365695153778	0.9945616343048462	0.9945616343048462	HG003	giabHC_x_ultima_x_clinvar	-1	-2	ont	sentdhiomr
HIOa-HG003-SR3x-ONT3x-8-D0-PF-ILMN-NOVASEQ-ont-sentdhiomr-SNPts	SNPts	HIOa-HG003-SR3x-ONT3x-8-D0-PF-ILMN-NOVASEQ	337668665.0	337403076.0	53757.0	211832.0	1329.0	0.884937859007833	0.7975932738178162	0.9999960611065525	0.006234723987971533	0.9937652760120285	0.9937652760120285	HG003	giabHC_x_clinvar_genes	-1	-2	ont	sentdhiomr
HIOa-HG003-SR3x-ONT3x-8-D0-PF-ILMN-NOVASEQ-ont-sentdhiomr-SNPtv	SNPtv	HIOa-HG003-SR3x-ONT3x-8-D0-PF-ILMN-NOVASEQ	337668665.0	337548379.0	24718.0	95568.0	742.0	0.8824539696023934	0.7945064263505313	0.9999978018014154	0.00770428823590489	0.9922957117640951	0.9922957117640951	HG003	giabHC_x_clinvar_genes	-1	-2	ont	sentdhiomr
HIOa-HG003-SR3x-ONT3x-8-D0-PF-ILMN-NOVASEQ-ont-sentdhiomr-INS_50	INS_50	HIOa-HG003-SR3x-ONT3x-8-D0-PF-ILMN-NOVASEQ	337668665.0	337641838.0	6045.0	20782.0	840.0	0.8578918037523994	0.7746673127818988	0.9999975121628434	0.038849320136897604	0.9611506798631024	0.9611506798631024	HG003	giabHC_x_clinvar_genes	-1	-2	ont	sentdhiomr
HIOa-HG003-SR3x-ONT3x-8-D0-PF-ILMN-NOVASEQ-ont-sentdhiomr-INS_gt50	INS_gt50	HIOa-HG003-SR3x-ONT3x-8-D0-PF-ILMN-NOVASEQ	337668665.0	337668665.0	0.0	0.0	1.0			0.999999997038517	1.0	0.0	0.0	HG003	giabHC_x_clinvar_genes	-1	-2	ont	sentdhiomr
HIOa-HG003-SR3x-ONT3x-8-D0-PF-ILMN-NOVASEQ-ont-sentdhiomr-DEL_50	DEL_50	HIOa-HG003-SR3x-ONT3x-8-D0-PF-ILMN-NOVASEQ	337668665.0	337640129.0	6460.0	22076.0	750.0	0.8596238464234257	0.7736192879170171	0.9999977787049891	0.03285726802768772	0.9671427319723123	0.9671427319723123	HG003	giabHC_x_clinvar_genes	-1	-2	ont	sentdhiomr
HIOa-HG003-SR3x-ONT3x-8-D0-PF-ILMN-NOVASEQ-ont-sentdhiomr-DEL_gt50	DEL_gt50	HIOa-HG003-SR3x-ONT3x-8-D0-PF-ILMN-NOVASEQ	337668665.0	337668665.0	0.0	0.0	20.0			0.9999999407703442	1.0	0.0	0.0	HG003	giabHC_x_clinvar_genes	-1	-2	ont	sentdhiomr
HIOa-HG003-SR3x-ONT3x-8-D0-PF-ILMN-NOVASEQ-ont-sentdhiomr-Indel_50	Indel_50	HIOa-HG003-SR3x-ONT3x-8-D0-PF-ILMN-NOVASEQ	337668665.0	337666624.0	471.0	1570.0	7.0	0.8678828081813157	0.7692307692307693	0.9999999792694944	0.004438807863031071	0.9955611921369689	0.9955611921369689	HG003	giabHC_x_clinvar_genes	-1	-2	ont	sentdhiomr
HIOa-HG003-SR3x-ONT3x-8-D0-PF-ILMN-NOVASEQ-ont-sentdhiomr-Indel_gt50	Indel_gt50	HIOa-HG003-SR3x-ONT3x-8-D0-PF-ILMN-NOVASEQ	337668665.0	337668638.0	11.0	16.0	0.0	0.7441860465116279	0.5925925925925926	1.0	0.0	1.0	1.0	HG003	giabHC_x_clinvar_genes	-1	-2	ont	sentdhiomr
HIOa-HG003-SR3x-ONT3x-8-D0-PF-ILMN-NOVASEQ-ont-sentdhiomr-All	All	HIOa-HG003-SR3x-ONT3x-8-D0-PF-ILMN-NOVASEQ	337668665.0	337225359.0	91462.0	351844.0	3689.0	0.8808883892749352	0.793682016485227	0.9999890608474511	0.010375970725642909	0.9896240292743571	0.9896240292743571	HG003	giabHC_x_clinvar_genes	-1	-2	ont	sentdhiomr
HIOa-HG003-SR3x-ONT3x-8-D0-PF-ILMN-NOVASEQ-ont-sentdhiomr-SNPts	SNPts	HIOa-HG003-SR3x-ONT3x-8-D0-PF-ILMN-NOVASEQ	377862616.0	377589357.0	56277.0	216982.0	28204.0	0.8370492530548082	0.79405252891945	0.9999253106769577	0.11503103766120415	0.8849689623387959	0.8849689623387959	HG003	clinvar_genes	-1	-2	ont	sentdhiomr
HIOa-HG003-SR3x-ONT3x-8-D0-PF-ILMN-NOVASEQ-ont-sentdhiomr-SNPtv	SNPtv	HIOa-HG003-SR3x-ONT3x-8-D0-PF-ILMN-NOVASEQ	377862616.0	377738253.0	26085.0	98278.0	16870.0	0.8206554187490346	0.7902511197060219	0.9999553414395389	0.14650710390106644	0.8534928960989335	0.8534928960989335	HG003	clinvar_genes	-1	-2	ont	sentdhiomr
HIOa-HG003-SR3x-ONT3x-8-D0-PF-ILMN-NOVASEQ-ont-sentdhiomr-INS_50	INS_50	HIOa-HG003-SR3x-ONT3x-8-D0-PF-ILMN-NOVASEQ	377862616.0	377832812.0	7024.0	22780.0	13347.0	0.6910254660175033	0.7643269359817474	0.9999646760998303	0.36944667423256844	0.6305533257674316	0.6305533257674316	HG003	clinvar_genes	-1	-2	ont	sentdhiomr
HIOa-HG003-SR3x-ONT3x-8-D0-PF-ILMN-NOVASEQ-ont-sentdhiomr-INS_gt50	INS_gt50	HIOa-HG003-SR3x-ONT3x-8-D0-PF-ILMN-NOVASEQ	377862616.0	377862586.0	23.0	7.0	192.0	0.061135371179039305	0.23333333333333334	0.9999994918790334	0.964824120603015	0.035175879396984966	0.035175879396984924	HG003	clinvar_genes	-1	-2	ont	sentdhiomr
HIOa-HG003-SR3x-ONT3x-8-D0-PF-ILMN-NOVASEQ-ont-sentdhiomr-DEL_50	DEL_50	HIOa-HG003-SR3x-ONT3x-8-D0-PF-ILMN-NOVASEQ	377862616.0	377831042.0	7375.0	24199.0	13494.0	0.6987165605555314	0.7664217394058402	0.9999642868992024	0.35799750616825404	0.6420024938317459	0.6420024938317459	HG003	clinvar_genes	-1	-2	ont	sentdhiomr
HIOa-HG003-SR3x-ONT3x-8-D0-PF-ILMN-NOVASEQ-ont-sentdhiomr-DEL_gt50	DEL_gt50	HIOa-HG003-SR3x-ONT3x-8-D0-PF-ILMN-NOVASEQ	377862616.0	377862598.0	12.0	6.0	284.0	0.03896103896103897	0.3333333333333333	0.9999992484046104	0.9793103448275862	0.020689655172413834	0.020689655172413793	HG003	clinvar_genes	-1	-2	ont	sentdhiomr
HIOa-HG003-SR3x-ONT3x-8-D0-PF-ILMN-NOVASEQ-ont-sentdhiomr-Indel_50	Indel_50	HIOa-HG003-SR3x-ONT3x-8-D0-PF-ILMN-NOVASEQ	377862616.0	377859985.0	748.0	1883.0	1605.0	0.615460042490603	0.7156974534397568	0.9999957524129404	0.4601490825688073	0.5398509174311927	0.5398509174311926	HG003	clinvar_genes	-1	-2	ont	sentdhiomr
HIOa-HG003-SR3x-ONT3x-8-D0-PF-ILMN-NOVASEQ-ont-sentdhiomr-Indel_gt50	Indel_gt50	HIOa-HG003-SR3x-ONT3x-8-D0-PF-ILMN-NOVASEQ	377862616.0	377862502.0	65.0	49.0	56.0	0.4474885844748858	0.4298245614035088	0.9999998517979651	0.5333333333333333	0.4666666666666667	0.4666666666666667	HG003	clinvar_genes	-1	-2	ont	sentdhiomr
HIOa-HG003-SR3x-ONT3x-8-D0-PF-ILMN-NOVASEQ-ont-sentdhiomr-All	All	HIOa-HG003-SR3x-ONT3x-8-D0-PF-ILMN-NOVASEQ	377862616.0	377400823.0	97609.0	364184.0	74052.0	0.809271701245182	0.7886304036657117	0.9998038227047562	0.16897744594236896	0.831022554057631	0.831022554057631	HG003	clinvar_genes	-1	-2	ont	sentdhiomr
HIOa-HG003-SR3x-ONT3x-8-D0-PF-ILMN-NOVASEQ-ont-sentdhiomr-SNPts	SNPts	HIOa-HG003-SR3x-ONT3x-8-D0-PF-ILMN-NOVASEQ	2799325643.0	2797071403.0	454200.0	1800040.0	100582.0	0.8664740248893946	0.7985130243452339	0.9999640415389045	0.05292057021333016	0.9470794297866698	0.9470794297866698	HG003	ultima	-1	-2	ont	sentdhiomr
HIOa-HG003-SR3x-ONT3x-8-D0-PF-ILMN-NOVASEQ-ont-sentdhiomr-SNPtv	SNPtv	HIOa-HG003-SR3x-ONT3x-8-D0-PF-ILMN-NOVASEQ	2799325643.0	2798266781.0	215706.0	843156.0	60350.0	0.8593250603352685	0.7962850683091848	0.9999784335436227	0.06679535055660947	0.9332046494433905	0.9332046494433905	HG003	ultima	-1	-2	ont	sentdhiomr
HIOa-HG003-SR3x-ONT3x-8-D0-PF-ILMN-NOVASEQ-ont-sentdhiomr-INS_50	INS_50	HIOa-HG003-SR3x-ONT3x-8-D0-PF-ILMN-NOVASEQ	2799325643.0	2799158728.0	37110.0	129805.0	20592.0	0.8181537414279951	0.7776712698079861	0.9999926435581126	0.13691762468666263	0.8630823753133374	0.8630823753133373	HG003	ultima	-1	-2	ont	sentdhiomr
HIOa-HG003-SR3x-ONT3x-8-D0-PF-ILMN-NOVASEQ-ont-sentdhiomr-INS_gt50	INS_gt50	HIOa-HG003-SR3x-ONT3x-8-D0-PF-ILMN-NOVASEQ	2799325643.0	2799325547.0	80.0	16.0	263.0	0.08533333333333333	0.16666666666666666	0.9999999060488068	0.942652329749104	0.05734767025089604	0.05734767025089606	HG003	ultima	-1	-2	ont	sentdhiomr
HIOa-HG003-SR3x-ONT3x-8-D0-PF-ILMN-NOVASEQ-ont-sentdhiomr-DEL_50	DEL_50	HIOa-HG003-SR3x-ONT3x-8-D0-PF-ILMN-NOVASEQ	2799325643.0	2799144168.0	42414.0	139061.0	27017.0	0.8002290298170351	0.7662818570050971	0.9999903482144483	0.16267657365816063	0.8373234263418394	0.8373234263418394	HG003	ultima	-1	-2	ont	sentdhiomr
HIOa-HG003-SR3x-ONT3x-8-D0-PF-ILMN-NOVASEQ-ont-sentdhiomr-DEL_gt50	DEL_gt50	HIOa-HG003-SR3x-ONT3x-8-D0-PF-ILMN-NOVASEQ	2799325643.0	2799325554.0	50.0	39.0	953.0	0.0721554116558742	0.43820224719101125	0.9999996595609703	0.9606854838709677	0.03931451612903225	0.03931451612903226	HG003	ultima	-1	-2	ont	sentdhiomr
HIOa-HG003-SR3x-ONT3x-8-D0-PF-ILMN-NOVASEQ-ont-sentdhiomr-Indel_50	Indel_50	HIOa-HG003-SR3x-ONT3x-8-D0-PF-ILMN-NOVASEQ	2799325643.0	2799315341.0	3022.0	7280.0	1098.0	0.779443254817987	0.706658901184236	0.9999996077613861	0.13105753163046074	0.8689424683695393	0.8689424683695393	HG003	ultima	-1	-2	ont	sentdhiomr
HIOa-HG003-SR3x-ONT3x-8-D0-PF-ILMN-NOVASEQ-ont-sentdhiomr-Indel_gt50	Indel_gt50	HIOa-HG003-SR3x-ONT3x-8-D0-PF-ILMN-NOVASEQ	2799325643.0	2799325093.0	225.0	325.0	143.0	0.6385068762278978	0.5909090909090909	0.9999999489162609	0.3055555555555556	0.6944444444444444	0.6944444444444444	HG003	ultima	-1	-2	ont	sentdhiomr
HIOa-HG003-SR3x-ONT3x-8-D0-PF-ILMN-NOVASEQ-ont-sentdhiomr-All	All	HIOa-HG003-SR3x-ONT3x-8-D0-PF-ILMN-NOVASEQ	2799325643.0	2795653114.0	752807.0	2919722.0	210998.0	0.8583316588882752	0.7950167309774817	0.9999245320975743	0.06739599836459345	0.9326040016354066	0.9326040016354066	HG003	ultima	-1	-2	ont	sentdhiomr
